
************************************************************

CalculiX Version 2.22, Copyright(C) 1998-2024 Guido Dhondt
CalculiX comes with ABSOLUTELY NO WARRANTY. This is free
software, and you are welcome to redistribute it under
certain conditions, see gpl.htm

************************************************************

You are using an executable made on Mon Aug  5 19:15:25 CEST 2024
 Decascading the MPC's

 Determining the structure of the matrix:
 Using up to 1 cpu(s) for setting up the structure of the matrix.
 number of equations
 610221
 number of nonzero lower triangular matrix elements
 21758853

 increment 1 attempt 1 
 increment size= 5.000000e-01
 sum of previous increments=0.000000e+00
 actual step time=5.000000e-01
 actual total time=5.000000e-01

 iteration 1

 Number of contact spring elements=0

 Determining the structure of the matrix:

 Using up to 1 cpu(s) for setting up the structure of the matrix.
 number of equations
 610221
 number of nonzero lower triangular matrix elements
 21758853

 Using up to 1 cpu(s) for the stress calculation.

 Using up to 1 cpu(s) for the symmetric stiffness/mass contributions.

 Factoring the system of equations using the symmetric spooles solver
 Using 1 cpu for spooles.

 Using up to 1 cpu(s) for the stress calculation.

 average force= 0.207796
 time avg. forc= 0.207796
 largest residual force= 0.161175 in node 76618 and dof 3
 largest increment of disp= 5.017960e-01
 largest correction to disp= 5.017960e-01 in node 1072 and dof 3

 no convergence

 iteration 2

 Number of contact spring elements=0

 Using up to 1 cpu(s) for the stress calculation.

 Using up to 1 cpu(s) for the symmetric stiffness/mass contributions.

 Factoring the system of equations using the symmetric spooles solver
 Using 1 cpu for spooles.

 Using up to 1 cpu(s) for the stress calculation.

 average force= 0.207487
 time avg. forc= 0.207487
 largest residual force= 0.000000 in node 76171 and dof 3
 largest increment of disp= 5.017960e-01
 largest correction to disp= 7.562987e-05 in node 2183 and dof 3

 convergence

 Using up to 1 cpu(s) for the stress calculation.

 increment 2 attempt 1 
 increment size= 5.000000e-01
 sum of previous increments=5.000000e-01
 actual step time=1.000000e+00
 actual total time=1.000000e+00

 iteration 1

 Number of contact spring elements=0

 Determining the structure of the matrix:

 Using up to 1 cpu(s) for setting up the structure of the matrix.
 number of equations
 610221
 number of nonzero lower triangular matrix elements
 21758853

 Using up to 1 cpu(s) for the stress calculation.

 Using up to 1 cpu(s) for the symmetric stiffness/mass contributions.

 Factoring the system of equations using the symmetric spooles solver
 Using 1 cpu for spooles.

 Using up to 1 cpu(s) for the stress calculation.

 average force= 0.414845
 time avg. forc= 0.311166
 largest residual force= 0.000004 in node 76171 and dof 3
 largest increment of disp= 5.017959e-01
 largest correction to disp= 1.517855e-04 in node 2183 and dof 3

 no convergence

 iteration 2

 Number of contact spring elements=0

 Using up to 1 cpu(s) for the stress calculation.

 Using up to 1 cpu(s) for the symmetric stiffness/mass contributions.

 Factoring the system of equations using the symmetric spooles solver
 Using 1 cpu for spooles.

 Using up to 1 cpu(s) for the stress calculation.

 average force= 0.414845
 time avg. forc= 0.311166
 largest residual force= 0.000000 in node 65194 and dof 3
 largest increment of disp= 5.017959e-01
 largest correction to disp= 9.222083e-06 in node 400 and dof 3

 convergence; the increment size is increased to 7.500000e-01

 the increment size exceeds the maximum allowed and is decreased to 5.000000e-01

 Using up to 1 cpu(s) for the stress calculation.

 increment 3 attempt 1 
 increment size= 5.000000e-01
 sum of previous increments=1.000000e+00
 actual step time=1.500000e+00
 actual total time=1.500000e+00

 iteration 1

 Number of contact spring elements=0

 Determining the structure of the matrix:

 Using up to 1 cpu(s) for setting up the structure of the matrix.
 number of equations
 610221
 number of nonzero lower triangular matrix elements
 21758853

 Using up to 1 cpu(s) for the stress calculation.

 Using up to 1 cpu(s) for the symmetric stiffness/mass contributions.

 Factoring the system of equations using the symmetric spooles solver
 Using 1 cpu for spooles.

 Using up to 1 cpu(s) for the stress calculation.

 average force= 0.622076
 time avg. forc= 0.414803
 largest residual force= 0.000003 in node 76171 and dof 3
 largest increment of disp= 5.017957e-01
 largest correction to disp= 1.463066e-04 in node 2181 and dof 3

 no convergence

 iteration 2

 Number of contact spring elements=0

 Using up to 1 cpu(s) for the stress calculation.

 Using up to 1 cpu(s) for the symmetric stiffness/mass contributions.

 Factoring the system of equations using the symmetric spooles solver
 Using 1 cpu for spooles.

 Using up to 1 cpu(s) for the stress calculation.

 average force= 0.622076
 time avg. forc= 0.414803
 largest residual force= 0.000000 in node 65218 and dof 3
 largest increment of disp= 5.017957e-01
 largest correction to disp= 9.030309e-06 in node 399 and dof 3

 convergence; the increment size is increased to 7.500000e-01

 the increment size exceeds the maximum allowed and is decreased to 5.000000e-01

 Using up to 1 cpu(s) for the stress calculation.

 increment 4 attempt 1 
 increment size= 5.000000e-01
 sum of previous increments=1.500000e+00
 actual step time=2.000000e+00
 actual total time=2.000000e+00

 iteration 1

 Number of contact spring elements=0

 Determining the structure of the matrix:

 Using up to 1 cpu(s) for setting up the structure of the matrix.
 number of equations
 610221
 number of nonzero lower triangular matrix elements
 21758853

 Using up to 1 cpu(s) for the stress calculation.

 Using up to 1 cpu(s) for the symmetric stiffness/mass contributions.

 Factoring the system of equations using the symmetric spooles solver
 Using 1 cpu for spooles.

 Using up to 1 cpu(s) for the stress calculation.

 average force= 0.829181
 time avg. forc= 0.518397
 largest residual force= 0.000003 in node 76171 and dof 3
 largest increment of disp= 5.017956e-01
 largest correction to disp= 1.492900e-04 in node 2181 and dof 3

 no convergence

 iteration 2

 Number of contact spring elements=0

 Using up to 1 cpu(s) for the stress calculation.

 Using up to 1 cpu(s) for the symmetric stiffness/mass contributions.

 Factoring the system of equations using the symmetric spooles solver
 Using 1 cpu for spooles.

 Using up to 1 cpu(s) for the stress calculation.

 average force= 0.829181
 time avg. forc= 0.518397
 largest residual force= 0.000000 in node 65231 and dof 3
 largest increment of disp= 5.017956e-01
 largest correction to disp= 9.362526e-06 in node 399 and dof 3

 convergence; the increment size is increased to 7.500000e-01

 the increment size exceeds the maximum allowed and is decreased to 5.000000e-01

 Using up to 1 cpu(s) for the stress calculation.

 increment 5 attempt 1 
 increment size= 5.000000e-01
 sum of previous increments=2.000000e+00
 actual step time=2.500000e+00
 actual total time=2.500000e+00

 iteration 1

 Number of contact spring elements=0

 Determining the structure of the matrix:

 Using up to 1 cpu(s) for setting up the structure of the matrix.
 number of equations
 610221
 number of nonzero lower triangular matrix elements
 21758853

 Using up to 1 cpu(s) for the stress calculation.

 Using up to 1 cpu(s) for the symmetric stiffness/mass contributions.

 Factoring the system of equations using the symmetric spooles solver
 Using 1 cpu for spooles.

 Using up to 1 cpu(s) for the stress calculation.

 average force= 1.036162
 time avg. forc= 0.621950
 largest residual force= 0.000004 in node 76171 and dof 3
 largest increment of disp= 5.017955e-01
 largest correction to disp= 1.501430e-04 in node 2181 and dof 3

 no convergence

 iteration 2

 Number of contact spring elements=0

 Using up to 1 cpu(s) for the stress calculation.

 Using up to 1 cpu(s) for the symmetric stiffness/mass contributions.

 Factoring the system of equations using the symmetric spooles solver
 Using 1 cpu for spooles.

 Using up to 1 cpu(s) for the stress calculation.

 average force= 1.036162
 time avg. forc= 0.621950
 largest residual force= 0.000000 in node 65207 and dof 3
 largest increment of disp= 5.017955e-01
 largest correction to disp= 9.569936e-06 in node 399 and dof 3

 convergence; the increment size is increased to 7.500000e-01

 the increment size exceeds the maximum allowed and is decreased to 5.000000e-01

 Using up to 1 cpu(s) for the stress calculation.

 increment 6 attempt 1 
 increment size= 5.000000e-01
 sum of previous increments=2.500000e+00
 actual step time=3.000000e+00
 actual total time=3.000000e+00

 iteration 1

 Number of contact spring elements=0

 Determining the structure of the matrix:

 Using up to 1 cpu(s) for setting up the structure of the matrix.
 number of equations
 610221
 number of nonzero lower triangular matrix elements
 21758853

 Using up to 1 cpu(s) for the stress calculation.

 Using up to 1 cpu(s) for the symmetric stiffness/mass contributions.

 Factoring the system of equations using the symmetric spooles solver
 Using 1 cpu for spooles.

 Using up to 1 cpu(s) for the stress calculation.

 average force= 1.243018
 time avg. forc= 0.725461
 largest residual force= 0.000004 in node 76171 and dof 3
 largest increment of disp= 5.017955e-01
 largest correction to disp= 1.510254e-04 in node 2179 and dof 3

 no convergence

 iteration 2

 Number of contact spring elements=0

 Using up to 1 cpu(s) for the stress calculation.

 Using up to 1 cpu(s) for the symmetric stiffness/mass contributions.

 Factoring the system of equations using the symmetric spooles solver
 Using 1 cpu for spooles.

 Using up to 1 cpu(s) for the stress calculation.

 average force= 1.243018
 time avg. forc= 0.725461
 largest residual force= 0.000000 in node 65242 and dof 3
 largest increment of disp= 5.017955e-01
 largest correction to disp= 9.786052e-06 in node 398 and dof 3

 convergence; the increment size is increased to 7.500000e-01

 the increment size exceeds the maximum allowed and is decreased to 5.000000e-01

 Using up to 1 cpu(s) for the stress calculation.

 increment 7 attempt 1 
 increment size= 5.000000e-01
 sum of previous increments=3.000000e+00
 actual step time=3.500000e+00
 actual total time=3.500000e+00

 iteration 1

 Number of contact spring elements=0

 Determining the structure of the matrix:

 Using up to 1 cpu(s) for setting up the structure of the matrix.
 number of equations
 610221
 number of nonzero lower triangular matrix elements
 21758853

 Using up to 1 cpu(s) for the stress calculation.

 Using up to 1 cpu(s) for the symmetric stiffness/mass contributions.

 Factoring the system of equations using the symmetric spooles solver
 Using 1 cpu for spooles.

 Using up to 1 cpu(s) for the stress calculation.

 average force= 1.449752
 time avg. forc= 0.828931
 largest residual force= 0.000004 in node 76171 and dof 3
 largest increment of disp= 5.017954e-01
 largest correction to disp= 1.519317e-04 in node 2179 and dof 3

 no convergence

 iteration 2

 Number of contact spring elements=0

 Using up to 1 cpu(s) for the stress calculation.

 Using up to 1 cpu(s) for the symmetric stiffness/mass contributions.

 Factoring the system of equations using the symmetric spooles solver
 Using 1 cpu for spooles.

 Using up to 1 cpu(s) for the stress calculation.

 average force= 1.449752
 time avg. forc= 0.828931
 largest residual force= 0.000000 in node 65248 and dof 3
 largest increment of disp= 5.017954e-01
 largest correction to disp= 1.001093e-05 in node 398 and dof 3

 convergence; the increment size is increased to 7.500000e-01

 the increment size exceeds the maximum allowed and is decreased to 5.000000e-01

 Using up to 1 cpu(s) for the stress calculation.

 increment 8 attempt 1 
 increment size= 5.000000e-01
 sum of previous increments=3.500000e+00
 actual step time=4.000000e+00
 actual total time=4.000000e+00

 iteration 1

 Number of contact spring elements=0

 Determining the structure of the matrix:

 Using up to 1 cpu(s) for setting up the structure of the matrix.
 number of equations
 610221
 number of nonzero lower triangular matrix elements
 21758853

 Using up to 1 cpu(s) for the stress calculation.

 Using up to 1 cpu(s) for the symmetric stiffness/mass contributions.

 Factoring the system of equations using the symmetric spooles solver
 Using 1 cpu for spooles.

 Using up to 1 cpu(s) for the stress calculation.

 average force= 1.656364
 time avg. forc= 0.932361
 largest residual force= 0.000004 in node 76171 and dof 3
 largest increment of disp= 5.017955e-01
 largest correction to disp= 1.528266e-04 in node 2179 and dof 3

 no convergence

 iteration 2

 Number of contact spring elements=0

 Using up to 1 cpu(s) for the stress calculation.

 Using up to 1 cpu(s) for the symmetric stiffness/mass contributions.

 Factoring the system of equations using the symmetric spooles solver
 Using 1 cpu for spooles.

 Using up to 1 cpu(s) for the stress calculation.

 average force= 1.656364
 time avg. forc= 0.932361
 largest residual force= 0.000000 in node 65219 and dof 3
 largest increment of disp= 5.017955e-01
 largest correction to disp= 1.024265e-05 in node 398 and dof 3

 convergence; the increment size is increased to 7.500000e-01

 the increment size exceeds the maximum allowed and is decreased to 5.000000e-01

 Using up to 1 cpu(s) for the stress calculation.

 increment 9 attempt 1 
 increment size= 5.000000e-01
 sum of previous increments=4.000000e+00
 actual step time=4.500000e+00
 actual total time=4.500000e+00

 iteration 1

 Number of contact spring elements=0

 Determining the structure of the matrix:

 Using up to 1 cpu(s) for setting up the structure of the matrix.
 number of equations
 610221
 number of nonzero lower triangular matrix elements
 21758853

 Using up to 1 cpu(s) for the stress calculation.

 Using up to 1 cpu(s) for the symmetric stiffness/mass contributions.

 Factoring the system of equations using the symmetric spooles solver
 Using 1 cpu for spooles.

 Using up to 1 cpu(s) for the stress calculation.

 average force= 1.862856
 time avg. forc= 1.035749
 largest residual force= 0.000004 in node 76171 and dof 3
 largest increment of disp= 5.017955e-01
 largest correction to disp= 1.537721e-04 in node 2177 and dof 3

 no convergence

 iteration 2

 Number of contact spring elements=0

 Using up to 1 cpu(s) for the stress calculation.

 Using up to 1 cpu(s) for the symmetric stiffness/mass contributions.

 Factoring the system of equations using the symmetric spooles solver
 Using 1 cpu for spooles.

 Using up to 1 cpu(s) for the stress calculation.

 average force= 1.862856
 time avg. forc= 1.035749
 largest residual force= 0.000000 in node 65219 and dof 3
 largest increment of disp= 5.017955e-01
 largest correction to disp= 1.048711e-05 in node 397 and dof 3

 convergence; the increment size is increased to 7.500000e-01

 the increment size exceeds the maximum allowed and is decreased to 5.000000e-01

 Using up to 1 cpu(s) for the stress calculation.

 increment 10 attempt 1 
 increment size= 5.000000e-01
 sum of previous increments=4.500000e+00
 actual step time=5.000000e+00
 actual total time=5.000000e+00

 iteration 1

 Number of contact spring elements=0

 Determining the structure of the matrix:

 Using up to 1 cpu(s) for setting up the structure of the matrix.
 number of equations
 610221
 number of nonzero lower triangular matrix elements
 21758853

 Using up to 1 cpu(s) for the stress calculation.

 Using up to 1 cpu(s) for the symmetric stiffness/mass contributions.

 Factoring the system of equations using the symmetric spooles solver
 Using 1 cpu for spooles.

 Using up to 1 cpu(s) for the stress calculation.

 average force= 2.069228
 time avg. forc= 1.139097
 largest residual force= 0.000004 in node 76171 and dof 3
 largest increment of disp= 5.017956e-01
 largest correction to disp= 1.551831e-04 in node 13575 and dof 1

 no convergence

 iteration 2

 Number of contact spring elements=0

 Using up to 1 cpu(s) for the stress calculation.

 Using up to 1 cpu(s) for the symmetric stiffness/mass contributions.

 Factoring the system of equations using the symmetric spooles solver
 Using 1 cpu for spooles.

 Using up to 1 cpu(s) for the stress calculation.

 average force= 2.069228
 time avg. forc= 1.139097
 largest residual force= 0.000000 in node 65314 and dof 3
 largest increment of disp= 5.017956e-01
 largest correction to disp= 1.074112e-05 in node 397 and dof 3

 convergence; the increment size is increased to 7.500000e-01

 the increment size exceeds the maximum allowed and is decreased to 5.000000e-01

 Using up to 1 cpu(s) for the stress calculation.

 increment 11 attempt 1 
 increment size= 5.000000e-01
 sum of previous increments=5.000000e+00
 actual step time=5.500000e+00
 actual total time=5.500000e+00

 iteration 1

 Number of contact spring elements=0

 Determining the structure of the matrix:

 Using up to 1 cpu(s) for setting up the structure of the matrix.
 number of equations
 610221
 number of nonzero lower triangular matrix elements
 21758853

 Using up to 1 cpu(s) for the stress calculation.

 Using up to 1 cpu(s) for the symmetric stiffness/mass contributions.

 Factoring the system of equations using the symmetric spooles solver
 Using 1 cpu for spooles.

 Using up to 1 cpu(s) for the stress calculation.

 average force= 2.275483
 time avg. forc= 1.242405
 largest residual force= 0.000004 in node 76171 and dof 3
 largest increment of disp= 5.017958e-01
 largest correction to disp= 1.574408e-04 in node 13575 and dof 1

 no convergence

 iteration 2

 Number of contact spring elements=0

 Using up to 1 cpu(s) for the stress calculation.

 Using up to 1 cpu(s) for the symmetric stiffness/mass contributions.

 Factoring the system of equations using the symmetric spooles solver
 Using 1 cpu for spooles.

 Using up to 1 cpu(s) for the stress calculation.

 average force= 2.275483
 time avg. forc= 1.242405
 largest residual force= 0.000000 in node 65278 and dof 3
 largest increment of disp= 5.017958e-01
 largest correction to disp= 1.100674e-05 in node 396 and dof 3

 convergence; the increment size is increased to 7.500000e-01

 the increment size exceeds the maximum allowed and is decreased to 5.000000e-01

 Using up to 1 cpu(s) for the stress calculation.

 increment 12 attempt 1 
 increment size= 5.000000e-01
 sum of previous increments=5.500000e+00
 actual step time=6.000000e+00
 actual total time=6.000000e+00

 iteration 1

 Number of contact spring elements=0

 Determining the structure of the matrix:

 Using up to 1 cpu(s) for setting up the structure of the matrix.
 number of equations
 610221
 number of nonzero lower triangular matrix elements
 21758853

 Using up to 1 cpu(s) for the stress calculation.

 Using up to 1 cpu(s) for the symmetric stiffness/mass contributions.

 Factoring the system of equations using the symmetric spooles solver
 Using 1 cpu for spooles.

 Using up to 1 cpu(s) for the stress calculation.

 average force= 2.481620
 time avg. forc= 1.345673
 largest residual force= 0.000004 in node 76171 and dof 3
 largest increment of disp= 5.017960e-01
 largest correction to disp= 1.597402e-04 in node 71839 and dof 1

 no convergence

 iteration 2

 Number of contact spring elements=0

 Using up to 1 cpu(s) for the stress calculation.

 Using up to 1 cpu(s) for the symmetric stiffness/mass contributions.

 Factoring the system of equations using the symmetric spooles solver
 Using 1 cpu for spooles.

 Using up to 1 cpu(s) for the stress calculation.

 average force= 2.481620
 time avg. forc= 1.345673
 largest residual force= 0.000000 in node 65297 and dof 3
 largest increment of disp= 5.017960e-01
 largest correction to disp= 1.128735e-05 in node 396 and dof 3

 convergence; the increment size is increased to 7.500000e-01

 the increment size exceeds the maximum allowed and is decreased to 5.000000e-01

 Using up to 1 cpu(s) for the stress calculation.

 increment 13 attempt 1 
 increment size= 5.000000e-01
 sum of previous increments=6.000000e+00
 actual step time=6.500000e+00
 actual total time=6.500000e+00

 iteration 1

 Number of contact spring elements=0

 Determining the structure of the matrix:

 Using up to 1 cpu(s) for setting up the structure of the matrix.
 number of equations
 610221
 number of nonzero lower triangular matrix elements
 21758853

 Using up to 1 cpu(s) for the stress calculation.

 Using up to 1 cpu(s) for the symmetric stiffness/mass contributions.

 Factoring the system of equations using the symmetric spooles solver
 Using 1 cpu for spooles.

 Using up to 1 cpu(s) for the stress calculation.

 average force= 2.687641
 time avg. forc= 1.448901
 largest residual force= 0.000004 in node 76171 and dof 3
 largest increment of disp= 5.017962e-01
 largest correction to disp= 1.620763e-04 in node 71839 and dof 1

 no convergence

 iteration 2

 Number of contact spring elements=0

 Using up to 1 cpu(s) for the stress calculation.

 Using up to 1 cpu(s) for the symmetric stiffness/mass contributions.

 Factoring the system of equations using the symmetric spooles solver
 Using 1 cpu for spooles.

 Using up to 1 cpu(s) for the stress calculation.

 average force= 2.687641
 time avg. forc= 1.448901
 largest residual force= 0.000000 in node 65297 and dof 3
 largest increment of disp= 5.017962e-01
 largest correction to disp= 1.157971e-05 in node 395 and dof 3

 convergence; the increment size is increased to 7.500000e-01

 the increment size exceeds the maximum allowed and is decreased to 5.000000e-01

 Using up to 1 cpu(s) for the stress calculation.

 increment 14 attempt 1 
 increment size= 5.000000e-01
 sum of previous increments=6.500000e+00
 actual step time=7.000000e+00
 actual total time=7.000000e+00

 iteration 1

 Number of contact spring elements=0

 Determining the structure of the matrix:

 Using up to 1 cpu(s) for setting up the structure of the matrix.
 number of equations
 610221
 number of nonzero lower triangular matrix elements
 21758853

 Using up to 1 cpu(s) for the stress calculation.

 Using up to 1 cpu(s) for the symmetric stiffness/mass contributions.

 Factoring the system of equations using the symmetric spooles solver
 Using 1 cpu for spooles.

 Using up to 1 cpu(s) for the stress calculation.

 average force= 2.893548
 time avg. forc= 1.552090
 largest residual force= 0.000004 in node 76171 and dof 3
 largest increment of disp= 5.017965e-01
 largest correction to disp= 1.644578e-04 in node 13577 and dof 1

 no convergence

 iteration 2

 Number of contact spring elements=0

 Using up to 1 cpu(s) for the stress calculation.

 Using up to 1 cpu(s) for the symmetric stiffness/mass contributions.

 Factoring the system of equations using the symmetric spooles solver
 Using 1 cpu for spooles.

 Using up to 1 cpu(s) for the stress calculation.

 average force= 2.893549
 time avg. forc= 1.552090
 largest residual force= 0.000000 in node 37166 and dof 1
 largest increment of disp= 5.017965e-01
 largest correction to disp= 1.189206e-05 in node 395 and dof 3

 convergence; the increment size is increased to 7.500000e-01

 the increment size exceeds the maximum allowed and is decreased to 5.000000e-01

 Using up to 1 cpu(s) for the stress calculation.

 increment 15 attempt 1 
 increment size= 5.000000e-01
 sum of previous increments=7.000000e+00
 actual step time=7.500000e+00
 actual total time=7.500000e+00

 iteration 1

 Number of contact spring elements=0

 Determining the structure of the matrix:

 Using up to 1 cpu(s) for setting up the structure of the matrix.
 number of equations
 610221
 number of nonzero lower triangular matrix elements
 21758853

 Using up to 1 cpu(s) for the stress calculation.

 Using up to 1 cpu(s) for the symmetric stiffness/mass contributions.

 Factoring the system of equations using the symmetric spooles solver
 Using 1 cpu for spooles.

 Using up to 1 cpu(s) for the stress calculation.

 average force= 3.099342
 time avg. forc= 1.655240
 largest residual force= 0.000004 in node 76171 and dof 3
 largest increment of disp= 5.017969e-01
 largest correction to disp= 1.668785e-04 in node 13577 and dof 1

 no convergence

 iteration 2

 Number of contact spring elements=0

 Using up to 1 cpu(s) for the stress calculation.

 Using up to 1 cpu(s) for the symmetric stiffness/mass contributions.

 Factoring the system of equations using the symmetric spooles solver
 Using 1 cpu for spooles.

 Using up to 1 cpu(s) for the stress calculation.

 average force= 3.099343
 time avg. forc= 1.655240
 largest residual force= 0.000000 in node 37173 and dof 1
 largest increment of disp= 5.017969e-01
 largest correction to disp= 1.221780e-05 in node 394 and dof 3

 convergence; the increment size is increased to 7.500000e-01

 the increment size exceeds the maximum allowed and is decreased to 5.000000e-01

 Using up to 1 cpu(s) for the stress calculation.

 increment 16 attempt 1 
 increment size= 5.000000e-01
 sum of previous increments=7.500000e+00
 actual step time=8.000000e+00
 actual total time=8.000000e+00

 iteration 1

 Number of contact spring elements=0

 Determining the structure of the matrix:

 Using up to 1 cpu(s) for setting up the structure of the matrix.
 number of equations
 610221
 number of nonzero lower triangular matrix elements
 21758853

 Using up to 1 cpu(s) for the stress calculation.

 Using up to 1 cpu(s) for the symmetric stiffness/mass contributions.

 Factoring the system of equations using the symmetric spooles solver
 Using 1 cpu for spooles.

 Using up to 1 cpu(s) for the stress calculation.

 average force= 3.305024
 time avg. forc= 1.758352
 largest residual force= 0.000004 in node 76171 and dof 3
 largest increment of disp= 5.017973e-01
 largest correction to disp= 1.693471e-04 in node 71845 and dof 1

 no convergence

 iteration 2

 Number of contact spring elements=0

 Using up to 1 cpu(s) for the stress calculation.

 Using up to 1 cpu(s) for the symmetric stiffness/mass contributions.

 Factoring the system of equations using the symmetric spooles solver
 Using 1 cpu for spooles.

 Using up to 1 cpu(s) for the stress calculation.

 average force= 3.305024
 time avg. forc= 1.758352
 largest residual force= 0.000000 in node 37598 and dof 1
 largest increment of disp= 5.017973e-01
 largest correction to disp= 1.256798e-05 in node 394 and dof 3

 convergence; the increment size is increased to 7.500000e-01

 the increment size exceeds the maximum allowed and is decreased to 5.000000e-01

 Using up to 1 cpu(s) for the stress calculation.

 increment 17 attempt 1 
 increment size= 5.000000e-01
 sum of previous increments=8.000000e+00
 actual step time=8.500000e+00
 actual total time=8.500000e+00

 iteration 1

 Number of contact spring elements=0

 Determining the structure of the matrix:

 Using up to 1 cpu(s) for setting up the structure of the matrix.
 number of equations
 610221
 number of nonzero lower triangular matrix elements
 21758853

 Using up to 1 cpu(s) for the stress calculation.

 Using up to 1 cpu(s) for the symmetric stiffness/mass contributions.

 Factoring the system of equations using the symmetric spooles solver
 Using 1 cpu for spooles.

 Using up to 1 cpu(s) for the stress calculation.

 average force= 3.510596
 time avg. forc= 1.861425
 largest residual force= 0.000004 in node 76171 and dof 3
 largest increment of disp= 5.017978e-01
 largest correction to disp= 1.718590e-04 in node 13579 and dof 1

 no convergence

 iteration 2

 Number of contact spring elements=0

 Using up to 1 cpu(s) for the stress calculation.

 Using up to 1 cpu(s) for the symmetric stiffness/mass contributions.

 Factoring the system of equations using the symmetric spooles solver
 Using 1 cpu for spooles.

 Using up to 1 cpu(s) for the stress calculation.

 average force= 3.510596
 time avg. forc= 1.861425
 largest residual force= 0.000000 in node 37592 and dof 1
 largest increment of disp= 5.017978e-01
 largest correction to disp= 1.293492e-05 in node 393 and dof 3

 convergence; the increment size is increased to 7.500000e-01

 the increment size exceeds the maximum allowed and is decreased to 5.000000e-01

 Using up to 1 cpu(s) for the stress calculation.

 increment 18 attempt 1 
 increment size= 5.000000e-01
 sum of previous increments=8.500000e+00
 actual step time=9.000000e+00
 actual total time=9.000000e+00

 iteration 1

 Number of contact spring elements=0

 Determining the structure of the matrix:

 Using up to 1 cpu(s) for setting up the structure of the matrix.
 number of equations
 610221
 number of nonzero lower triangular matrix elements
 21758853

 Using up to 1 cpu(s) for the stress calculation.

 Using up to 1 cpu(s) for the symmetric stiffness/mass contributions.

 Factoring the system of equations using the symmetric spooles solver
 Using 1 cpu for spooles.

 Using up to 1 cpu(s) for the stress calculation.

 average force= 3.716058
 time avg. forc= 1.964460
 largest residual force= 0.000004 in node 76171 and dof 3
 largest increment of disp= 5.017984e-01
 largest correction to disp= 1.744236e-04 in node 13579 and dof 1

 no convergence

 iteration 2

 Number of contact spring elements=0

 Using up to 1 cpu(s) for the stress calculation.

 Using up to 1 cpu(s) for the symmetric stiffness/mass contributions.

 Factoring the system of equations using the symmetric spooles solver
 Using 1 cpu for spooles.

 Using up to 1 cpu(s) for the stress calculation.

 average force= 3.716058
 time avg. forc= 1.964460
 largest residual force= 0.000000 in node 37592 and dof 1
 largest increment of disp= 5.017984e-01
 largest correction to disp= 1.333017e-05 in node 393 and dof 3

 convergence; the increment size is increased to 7.500000e-01

 the increment size exceeds the maximum allowed and is decreased to 5.000000e-01

 Using up to 1 cpu(s) for the stress calculation.

 increment 19 attempt 1 
 increment size= 5.000000e-01
 sum of previous increments=9.000000e+00
 actual step time=9.500000e+00
 actual total time=9.500000e+00

 iteration 1

 Number of contact spring elements=0

 Determining the structure of the matrix:

 Using up to 1 cpu(s) for setting up the structure of the matrix.
 number of equations
 610221
 number of nonzero lower triangular matrix elements
 21758853

 Using up to 1 cpu(s) for the stress calculation.

 Using up to 1 cpu(s) for the symmetric stiffness/mass contributions.

 Factoring the system of equations using the symmetric spooles solver
 Using 1 cpu for spooles.

 Using up to 1 cpu(s) for the stress calculation.

 average force= 3.921412
 time avg. forc= 2.067458
 largest residual force= 0.000004 in node 76171 and dof 3
 largest increment of disp= 5.017991e-01
 largest correction to disp= 1.770336e-04 in node 13579 and dof 1

 no convergence

 iteration 2

 Number of contact spring elements=0

 Using up to 1 cpu(s) for the stress calculation.

 Using up to 1 cpu(s) for the symmetric stiffness/mass contributions.

 Factoring the system of equations using the symmetric spooles solver
 Using 1 cpu for spooles.

 Using up to 1 cpu(s) for the stress calculation.

 average force= 3.921412
 time avg. forc= 2.067458
 largest residual force= 0.000000 in node 37599 and dof 1
 largest increment of disp= 5.017991e-01
 largest correction to disp= 1.374747e-05 in node 392 and dof 3

 convergence; the increment size is increased to 7.500000e-01

 the increment size exceeds the maximum allowed and is decreased to 5.000000e-01

 Using up to 1 cpu(s) for the stress calculation.

 increment 20 attempt 1 
 increment size= 5.000000e-01
 sum of previous increments=9.500000e+00
 actual step time=1.000000e+01
 actual total time=1.000000e+01

 iteration 1

 Number of contact spring elements=0

 Determining the structure of the matrix:

 Using up to 1 cpu(s) for setting up the structure of the matrix.
 number of equations
 610221
 number of nonzero lower triangular matrix elements
 21758853

 Using up to 1 cpu(s) for the stress calculation.

 Using up to 1 cpu(s) for the symmetric stiffness/mass contributions.

 Factoring the system of equations using the symmetric spooles solver
 Using 1 cpu for spooles.

 Using up to 1 cpu(s) for the stress calculation.

 average force= 4.126660
 time avg. forc= 2.170418
 largest residual force= 0.000004 in node 76171 and dof 3
 largest increment of disp= 5.017998e-01
 largest correction to disp= 1.796993e-04 in node 71851 and dof 1

 no convergence

 iteration 2

 Number of contact spring elements=0

 Using up to 1 cpu(s) for the stress calculation.

 Using up to 1 cpu(s) for the symmetric stiffness/mass contributions.

 Factoring the system of equations using the symmetric spooles solver
 Using 1 cpu for spooles.

 Using up to 1 cpu(s) for the stress calculation.

 average force= 4.126660
 time avg. forc= 2.170418
 largest residual force= 0.000000 in node 37586 and dof 1
 largest increment of disp= 5.017998e-01
 largest correction to disp= 1.419629e-05 in node 392 and dof 3

 convergence; the increment size is increased to 7.500000e-01

 the increment size exceeds the maximum allowed and is decreased to 5.000000e-01

 Using up to 1 cpu(s) for the stress calculation.

 increment 21 attempt 1 
 increment size= 5.000000e-01
 sum of previous increments=1.000000e+01
 actual step time=1.050000e+01
 actual total time=1.050000e+01

 iteration 1

 Number of contact spring elements=0

 Determining the structure of the matrix:

 Using up to 1 cpu(s) for setting up the structure of the matrix.
 number of equations
 610221
 number of nonzero lower triangular matrix elements
 21758853

 Using up to 1 cpu(s) for the stress calculation.

 Using up to 1 cpu(s) for the symmetric stiffness/mass contributions.

 Factoring the system of equations using the symmetric spooles solver
 Using 1 cpu for spooles.

 Using up to 1 cpu(s) for the stress calculation.

 average force= 4.331803
 time avg. forc= 2.273341
 largest residual force= 0.000004 in node 76171 and dof 3
 largest increment of disp= 5.018006e-01
 largest correction to disp= 1.824173e-04 in node 13581 and dof 1

 no convergence

 iteration 2

 Number of contact spring elements=0

 Using up to 1 cpu(s) for the stress calculation.

 Using up to 1 cpu(s) for the symmetric stiffness/mass contributions.

 Factoring the system of equations using the symmetric spooles solver
 Using 1 cpu for spooles.

 Using up to 1 cpu(s) for the stress calculation.

 average force= 4.331803
 time avg. forc= 2.273341
 largest residual force= 0.000000 in node 37599 and dof 1
 largest increment of disp= 5.018006e-01
 largest correction to disp= 1.467460e-05 in node 391 and dof 3

 convergence; the increment size is increased to 7.500000e-01

 the increment size exceeds the maximum allowed and is decreased to 5.000000e-01

 Using up to 1 cpu(s) for the stress calculation.

 increment 22 attempt 1 
 increment size= 5.000000e-01
 sum of previous increments=1.050000e+01
 actual step time=1.100000e+01
 actual total time=1.100000e+01

 iteration 1

 Number of contact spring elements=0

 Determining the structure of the matrix:

 Using up to 1 cpu(s) for setting up the structure of the matrix.
 number of equations
 610221
 number of nonzero lower triangular matrix elements
 21758853

 Using up to 1 cpu(s) for the stress calculation.

 Using up to 1 cpu(s) for the symmetric stiffness/mass contributions.

 Factoring the system of equations using the symmetric spooles solver
 Using 1 cpu for spooles.

 Using up to 1 cpu(s) for the stress calculation.

 average force= 4.536843
 time avg. forc= 2.376227
 largest residual force= 0.000004 in node 76171 and dof 3
 largest increment of disp= 5.018015e-01
 largest correction to disp= 1.856795e-04 in node 463 and dof 3

 no convergence

 iteration 2

 Number of contact spring elements=0

 Using up to 1 cpu(s) for the stress calculation.

 Using up to 1 cpu(s) for the symmetric stiffness/mass contributions.

 Factoring the system of equations using the symmetric spooles solver
 Using 1 cpu for spooles.

 Using up to 1 cpu(s) for the stress calculation.

 average force= 4.536843
 time avg. forc= 2.376227
 largest residual force= 0.000000 in node 34079 and dof 1
 largest increment of disp= 5.018015e-01
 largest correction to disp= 1.518699e-05 in node 391 and dof 3

 convergence; the increment size is increased to 7.500000e-01

 the increment size exceeds the maximum allowed and is decreased to 5.000000e-01

 Using up to 1 cpu(s) for the stress calculation.

 increment 23 attempt 1 
 increment size= 5.000000e-01
 sum of previous increments=1.100000e+01
 actual step time=1.150000e+01
 actual total time=1.150000e+01

 iteration 1

 Number of contact spring elements=4021

 Determining the structure of the matrix:

 Using up to 1 cpu(s) for setting up the structure of the matrix.
 number of equations
 610221
 number of nonzero lower triangular matrix elements
 21764685

 Using up to 1 cpu(s) for the stress calculation.

 Using up to 1 cpu(s) for the symmetric stiffness/mass contributions.

 Factoring the system of equations using the symmetric spooles solver
 Using 1 cpu for spooles.

 Using up to 1 cpu(s) for the stress calculation.

 average force= 4.555743
 time avg. forc= 2.470989
 largest residual force= 0.000004 in node 38027 and dof 1
 largest increment of disp= 5.018026e-01
 largest correction to disp= 1.913711e-04 in node 462 and dof 3

 no convergence

 iteration 2

 Number of contact spring elements=2809

 Using up to 1 cpu(s) for the stress calculation.

 Using up to 1 cpu(s) for the symmetric stiffness/mass contributions.

 Factoring the system of equations using the symmetric spooles solver
 Using 1 cpu for spooles.

 Using up to 1 cpu(s) for the stress calculation.

line search factor=1.010000

 Using up to 1 cpu(s) for the stress calculation.

 average force= 4.610303
 time avg. forc= 2.473361
 largest residual force= 0.001175 in node 71340 and dof 3
 largest increment of disp= 5.018026e-01
 largest correction to disp= 2.290302e-03 in node 296 and dof 3

 no convergence

 iteration 3

 Number of contact spring elements=2776

 Using up to 1 cpu(s) for the stress calculation.

 Using up to 1 cpu(s) for the symmetric stiffness/mass contributions.

 Factoring the system of equations using the symmetric spooles solver
 Using 1 cpu for spooles.

 Using up to 1 cpu(s) for the stress calculation.

line search factor=1.010000

 Using up to 1 cpu(s) for the stress calculation.

 average force= 4.611806
 time avg. forc= 2.473426
 largest residual force= 0.000011 in node 70482 and dof 3
 largest increment of disp= 5.018026e-01
 largest correction to disp= 3.427198e-05 in node 296 and dof 3

 no convergence

 iteration 4

 Number of contact spring elements=2777

 Using up to 1 cpu(s) for the stress calculation.

 Using up to 1 cpu(s) for the symmetric stiffness/mass contributions.

 Factoring the system of equations using the symmetric spooles solver
 Using 1 cpu for spooles.

 Using up to 1 cpu(s) for the stress calculation.

line search factor=1.010000

 Using up to 1 cpu(s) for the stress calculation.

 average force= 4.611760
 time avg. forc= 2.473424
 largest residual force= 0.000000 in node 71340 and dof 3
 largest increment of disp= 5.018026e-01
 largest correction to disp= 4.428769e-07 in node 296 and dof 3

 convergence; the increment size is increased to 7.500000e-01

 the increment size exceeds the maximum allowed and is decreased to 5.000000e-01

 Using up to 1 cpu(s) for the stress calculation.

 increment 24 attempt 1 
 increment size= 5.000000e-01
 sum of previous increments=1.150000e+01
 actual step time=1.200000e+01
 actual total time=1.200000e+01

 iteration 1

 Number of contact spring elements=11905

 Determining the structure of the matrix:

 Using up to 1 cpu(s) for setting up the structure of the matrix.
 number of equations
 610221
 number of nonzero lower triangular matrix elements
 21774864

 Using up to 1 cpu(s) for the stress calculation.

 Using up to 1 cpu(s) for the symmetric stiffness/mass contributions.

 Factoring the system of equations using the symmetric spooles solver
 Using 1 cpu for spooles.

 Using up to 1 cpu(s) for the stress calculation.

 average force= 4.413366
 time avg. forc= 2.554255
 largest residual force= 0.021588 in node 71346 and dof 3
 largest increment of disp= 5.017998e-01
 largest correction to disp= 1.390835e-02 in node 298 and dof 3

 no convergence

 iteration 2

 Number of contact spring elements=8920

 Using up to 1 cpu(s) for the stress calculation.

 Using up to 1 cpu(s) for the symmetric stiffness/mass contributions.

 Factoring the system of equations using the symmetric spooles solver
 Using 1 cpu for spooles.

 Using up to 1 cpu(s) for the stress calculation.

line search factor=1.010000

 Using up to 1 cpu(s) for the stress calculation.

 average force= 4.536129
 time avg. forc= 2.559370
 largest residual force= 0.007491 in node 71346 and dof 3
 largest increment of disp= 5.017998e-01
 largest correction to disp= 5.508591e-03 in node 298 and dof 3

 no convergence

 iteration 3

 Number of contact spring elements=8792

 Using up to 1 cpu(s) for the stress calculation.

 Using up to 1 cpu(s) for the symmetric stiffness/mass contributions.

 Factoring the system of equations using the symmetric spooles solver
 Using 1 cpu for spooles.

 Using up to 1 cpu(s) for the stress calculation.

line search factor=1.010000

 Using up to 1 cpu(s) for the stress calculation.

 average force= 4.541553
 time avg. forc= 2.559596
 largest residual force= 0.000839 in node 70493 and dof 3
 largest increment of disp= 5.017998e-01
 largest correction to disp= 6.940012e-04 in node 298 and dof 3

 no convergence

 iteration 4

 Number of contact spring elements=8781

 Using up to 1 cpu(s) for the stress calculation.

 Using up to 1 cpu(s) for the symmetric stiffness/mass contributions.

 Factoring the system of equations using the symmetric spooles solver
 Using 1 cpu for spooles.

 Using up to 1 cpu(s) for the stress calculation.

line search factor=1.010000

 Using up to 1 cpu(s) for the stress calculation.

 average force= 4.542020
 time avg. forc= 2.559616
 largest residual force= 0.000102 in node 70493 and dof 3
 largest increment of disp= 5.017998e-01
 largest correction to disp= 8.398408e-05 in node 298 and dof 3

 no convergence

 iteration 5

 Number of contact spring elements=8776

 Using up to 1 cpu(s) for the stress calculation.

 Using up to 1 cpu(s) for the symmetric stiffness/mass contributions.

 Factoring the system of equations using the symmetric spooles solver
 Using 1 cpu for spooles.

 Using up to 1 cpu(s) for the stress calculation.

line search factor=1.010000

 Using up to 1 cpu(s) for the stress calculation.

 average force= 4.542232
 time avg. forc= 2.559625
 largest residual force= 0.000012 in node 70493 and dof 3
 largest increment of disp= 5.017998e-01
 largest correction to disp= 1.010067e-05 in node 298 and dof 3

 convergence; the increment size is increased to 7.500000e-01

 the increment size exceeds the maximum allowed and is decreased to 5.000000e-01

 Using up to 1 cpu(s) for the stress calculation.

 increment 25 attempt 1 
 increment size= 5.000000e-01
 sum of previous increments=1.200000e+01
 actual step time=1.250000e+01
 actual total time=1.250000e+01

 iteration 1

 Number of contact spring elements=21060

 Determining the structure of the matrix:

 Using up to 1 cpu(s) for setting up the structure of the matrix.
 number of equations
 610221
 number of nonzero lower triangular matrix elements
 21785205

 Using up to 1 cpu(s) for the stress calculation.

 Using up to 1 cpu(s) for the symmetric stiffness/mass contributions.

 Factoring the system of equations using the symmetric spooles solver
 Using 1 cpu for spooles.

 Using up to 1 cpu(s) for the stress calculation.

 average force= 4.244340
 time avg. forc= 2.627013
 largest residual force= 0.006993 in node 70511 and dof 3
 largest increment of disp= 5.017647e-01
 largest correction to disp= 5.747251e-03 in node 284 and dof 3

 no convergence

 iteration 2

 Number of contact spring elements=15266

 Using up to 1 cpu(s) for the stress calculation.

 Using up to 1 cpu(s) for the symmetric stiffness/mass contributions.

 Factoring the system of equations using the symmetric spooles solver
 Using 1 cpu for spooles.

 Using up to 1 cpu(s) for the stress calculation.

line search factor=1.010000

 Using up to 1 cpu(s) for the stress calculation.

 average force= 4.460627
 time avg. forc= 2.635665
 largest residual force= 0.006157 in node 71370 and dof 3
 largest increment of disp= 5.017647e-01
 largest correction to disp= 4.027122e-03 in node 306 and dof 3

 no convergence

 iteration 3

 Number of contact spring elements=15190

 Using up to 1 cpu(s) for the stress calculation.

 Using up to 1 cpu(s) for the symmetric stiffness/mass contributions.

 Factoring the system of equations using the symmetric spooles solver
 Using 1 cpu for spooles.

 Using up to 1 cpu(s) for the stress calculation.

line search factor=1.010000

 Using up to 1 cpu(s) for the stress calculation.

 average force= 4.463619
 time avg. forc= 2.635784
 largest residual force= 0.000832 in node 70517 and dof 3
 largest increment of disp= 5.017647e-01
 largest correction to disp= 6.064202e-04 in node 300 and dof 3

 no convergence

 iteration 4

 Number of contact spring elements=15167

 Using up to 1 cpu(s) for the stress calculation.

 Using up to 1 cpu(s) for the symmetric stiffness/mass contributions.

 Factoring the system of equations using the symmetric spooles solver
 Using 1 cpu for spooles.

 Using up to 1 cpu(s) for the stress calculation.

line search factor=1.010000

 Using up to 1 cpu(s) for the stress calculation.

 average force= 4.464524
 time avg. forc= 2.635821
 largest residual force= 0.000125 in node 70517 and dof 3
 largest increment of disp= 5.017647e-01
 largest correction to disp= 9.062474e-05 in node 300 and dof 3

 no convergence

 iteration 5

 Number of contact spring elements=15163

 Using up to 1 cpu(s) for the stress calculation.

 Using up to 1 cpu(s) for the symmetric stiffness/mass contributions.

 Factoring the system of equations using the symmetric spooles solver
 Using 1 cpu for spooles.

 Using up to 1 cpu(s) for the stress calculation.

line search factor=1.010000

 Using up to 1 cpu(s) for the stress calculation.

 average force= 4.464682
 time avg. forc= 2.635827
 largest residual force= 0.000019 in node 70517 and dof 3
 largest increment of disp= 5.017647e-01
 largest correction to disp= 1.350151e-05 in node 300 and dof 3

 convergence; the increment size is increased to 7.500000e-01

 the increment size exceeds the maximum allowed and is decreased to 5.000000e-01

 Using up to 1 cpu(s) for the stress calculation.

 increment 26 attempt 1 
 increment size= 5.000000e-01
 sum of previous increments=1.250000e+01
 actual step time=1.300000e+01
 actual total time=1.300000e+01

 iteration 1

 Number of contact spring elements=26928

 Determining the structure of the matrix:

 Using up to 1 cpu(s) for setting up the structure of the matrix.
 number of equations
 610221
 number of nonzero lower triangular matrix elements
 21791406

 Using up to 1 cpu(s) for the stress calculation.

 Using up to 1 cpu(s) for the symmetric stiffness/mass contributions.

 Factoring the system of equations using the symmetric spooles solver
 Using 1 cpu for spooles.

 Using up to 1 cpu(s) for the stress calculation.

 average force= 4.206665
 time avg. forc= 2.696244
 largest residual force= 0.010951 in node 70535 and dof 3
 largest increment of disp= 5.017648e-01
 largest correction to disp= 9.124864e-03 in node 292 and dof 3

 no convergence

 iteration 2

 Number of contact spring elements=19508

 Using up to 1 cpu(s) for the stress calculation.

 Using up to 1 cpu(s) for the symmetric stiffness/mass contributions.

 Factoring the system of equations using the symmetric spooles solver
 Using 1 cpu for spooles.

 Using up to 1 cpu(s) for the stress calculation.

line search factor=1.010000

 Using up to 1 cpu(s) for the stress calculation.

 average force= 4.471309
 time avg. forc= 2.706422
 largest residual force= 0.006341 in node 71394 and dof 3
 largest increment of disp= 5.017648e-01
 largest correction to disp= 4.252652e-03 in node 310 and dof 3

 no convergence

 iteration 3

 Number of contact spring elements=19405

 Using up to 1 cpu(s) for the stress calculation.

 Using up to 1 cpu(s) for the symmetric stiffness/mass contributions.

 Factoring the system of equations using the symmetric spooles solver
 Using 1 cpu for spooles.

 Using up to 1 cpu(s) for the stress calculation.

line search factor=1.010000

 Using up to 1 cpu(s) for the stress calculation.

 average force= 4.475226
 time avg. forc= 2.706573
 largest residual force= 0.000890 in node 71394 and dof 3
 largest increment of disp= 5.017648e-01
 largest correction to disp= 6.675234e-04 in node 303 and dof 3

 no convergence

 iteration 4

 Number of contact spring elements=19402

 Using up to 1 cpu(s) for the stress calculation.

 Using up to 1 cpu(s) for the symmetric stiffness/mass contributions.

 Factoring the system of equations using the symmetric spooles solver
 Using 1 cpu for spooles.

 Using up to 1 cpu(s) for the stress calculation.

line search factor=1.010000

 Using up to 1 cpu(s) for the stress calculation.

 average force= 4.475342
 time avg. forc= 2.706578
 largest residual force= 0.000139 in node 71394 and dof 3
 largest increment of disp= 5.017648e-01
 largest correction to disp= 1.041075e-04 in node 304 and dof 3

 convergence; the increment size is increased to 7.500000e-01

 the increment size exceeds the maximum allowed and is decreased to 5.000000e-01

 Using up to 1 cpu(s) for the stress calculation.

 increment 27 attempt 1 
 increment size= 5.000000e-01
 sum of previous increments=1.300000e+01
 actual step time=1.350000e+01
 actual total time=1.350000e+01

 iteration 1

 Number of contact spring elements=31959

 Determining the structure of the matrix:

 Using up to 1 cpu(s) for setting up the structure of the matrix.
 number of equations
 610221
 number of nonzero lower triangular matrix elements
 21795492

 Using up to 1 cpu(s) for the stress calculation.

 Using up to 1 cpu(s) for the symmetric stiffness/mass contributions.

 Factoring the system of equations using the symmetric spooles solver
 Using 1 cpu for spooles.

 Using up to 1 cpu(s) for the stress calculation.

 average force= 4.198992
 time avg. forc= 2.761852
 largest residual force= 0.012240 in node 70553 and dof 3
 largest increment of disp= 5.017706e-01
 largest correction to disp= 1.081116e-02 in node 299 and dof 3

 no convergence

 iteration 2

 Number of contact spring elements=22943

 Using up to 1 cpu(s) for the stress calculation.

 Using up to 1 cpu(s) for the symmetric stiffness/mass contributions.

 Factoring the system of equations using the symmetric spooles solver
 Using 1 cpu for spooles.

 Using up to 1 cpu(s) for the stress calculation.

line search factor=1.010000

 Using up to 1 cpu(s) for the stress calculation.

 average force= 4.510883
 time avg. forc= 2.773404
 largest residual force= 0.006044 in node 71418 and dof 3
 largest increment of disp= 5.017706e-01
 largest correction to disp= 4.370101e-03 in node 313 and dof 3

 no convergence

 iteration 3

 Number of contact spring elements=22874

 Using up to 1 cpu(s) for the stress calculation.

 Using up to 1 cpu(s) for the symmetric stiffness/mass contributions.

 Factoring the system of equations using the symmetric spooles solver
 Using 1 cpu for spooles.

 Using up to 1 cpu(s) for the stress calculation.

line search factor=1.010000

 Using up to 1 cpu(s) for the stress calculation.

 average force= 4.513460
 time avg. forc= 2.773499
 largest residual force= 0.001017 in node 71418 and dof 3
 largest increment of disp= 5.017706e-01
 largest correction to disp= 8.170865e-04 in node 305 and dof 3

 no convergence

 iteration 4

 Number of contact spring elements=22868

 Using up to 1 cpu(s) for the stress calculation.

 Using up to 1 cpu(s) for the symmetric stiffness/mass contributions.

 Factoring the system of equations using the symmetric spooles solver
 Using 1 cpu for spooles.

 Using up to 1 cpu(s) for the stress calculation.

line search factor=1.010000

 Using up to 1 cpu(s) for the stress calculation.

 average force= 4.513686
 time avg. forc= 2.773507
 largest residual force= 0.000189 in node 71418 and dof 3
 largest increment of disp= 5.017706e-01
 largest correction to disp= 1.526618e-04 in node 305 and dof 3

 convergence; the increment size is increased to 7.500000e-01

 the increment size exceeds the maximum allowed and is decreased to 5.000000e-01

 Using up to 1 cpu(s) for the stress calculation.

 increment 28 attempt 1 
 increment size= 5.000000e-01
 sum of previous increments=1.350000e+01
 actual step time=1.400000e+01
 actual total time=1.400000e+01

 iteration 1

 Number of contact spring elements=35238

 Determining the structure of the matrix:

 Using up to 1 cpu(s) for setting up the structure of the matrix.
 number of equations
 610221
 number of nonzero lower triangular matrix elements
 21796284

 Using up to 1 cpu(s) for the stress calculation.

 Using up to 1 cpu(s) for the symmetric stiffness/mass contributions.

 Factoring the system of equations using the symmetric spooles solver
 Using 1 cpu for spooles.

 Using up to 1 cpu(s) for the stress calculation.

 average force= 4.246658
 time avg. forc= 2.826120
 largest residual force= 0.016784 in node 70577 and dof 3
 largest increment of disp= 5.017857e-01
 largest correction to disp= 1.272030e-02 in node 304 and dof 3

 no convergence

 iteration 2

 Number of contact spring elements=24160

 Using up to 1 cpu(s) for the stress calculation.

 Using up to 1 cpu(s) for the symmetric stiffness/mass contributions.

 Factoring the system of equations using the symmetric spooles solver
 Using 1 cpu for spooles.

 Using up to 1 cpu(s) for the stress calculation.

line search factor=1.010000

 Using up to 1 cpu(s) for the stress calculation.

 average force= 4.630367
 time avg. forc= 2.839824
 largest residual force= 0.006042 in node 70577 and dof 3
 largest increment of disp= 5.017857e-01
 largest correction to disp= 4.199789e-03 in node 317 and dof 3

 no convergence

 iteration 3

 Number of contact spring elements=24176

 Using up to 1 cpu(s) for the stress calculation.

 Using up to 1 cpu(s) for the symmetric stiffness/mass contributions.

 Factoring the system of equations using the symmetric spooles solver
 Using 1 cpu for spooles.

 Using up to 1 cpu(s) for the stress calculation.

line search factor=1.010000

 Using up to 1 cpu(s) for the stress calculation.

 average force= 4.629775
 time avg. forc= 2.839803
 largest residual force= 0.001072 in node 71442 and dof 3
 largest increment of disp= 5.017857e-01
 largest correction to disp= 8.341024e-04 in node 307 and dof 3

 convergence; the increment size is increased to 7.500000e-01

 the increment size exceeds the maximum allowed and is decreased to 5.000000e-01

 pressure ratio (smallest/largest pressure over all contact areas) =0.000000e+00

 Using up to 1 cpu(s) for the stress calculation.

 increment 29 attempt 1 
 increment size= 5.000000e-01
 sum of previous increments=1.400000e+01
 actual step time=1.450000e+01
 actual total time=1.450000e+01

 iteration 1

 Number of contact spring elements=36555

 Determining the structure of the matrix:

 Using up to 1 cpu(s) for setting up the structure of the matrix.
 number of equations
 610221
 number of nonzero lower triangular matrix elements
 21798435

 Using up to 1 cpu(s) for the stress calculation.

 Using up to 1 cpu(s) for the symmetric stiffness/mass contributions.

 Factoring the system of equations using the symmetric spooles solver
 Using 1 cpu for spooles.

 Using up to 1 cpu(s) for the stress calculation.

 average force= 4.354329
 time avg. forc= 2.892028
 largest residual force= 0.006873 in node 70601 and dof 3
 largest increment of disp= 5.018086e-01
 largest correction to disp= 5.943853e-03 in node 308 and dof 3

 no convergence

 iteration 2

 Number of contact spring elements=24715

 Using up to 1 cpu(s) for the stress calculation.

 Using up to 1 cpu(s) for the symmetric stiffness/mass contributions.

 Factoring the system of equations using the symmetric spooles solver
 Using 1 cpu for spooles.

 Using up to 1 cpu(s) for the stress calculation.

line search factor=1.010000

 Using up to 1 cpu(s) for the stress calculation.

 average force= 4.772940
 time avg. forc= 2.906463
 largest residual force= 0.007555 in node 71466 and dof 3
 largest increment of disp= 5.018086e-01
 largest correction to disp= 4.961329e-03 in node 315 and dof 3

 no convergence

 iteration 3

 Number of contact spring elements=24745

 Using up to 1 cpu(s) for the stress calculation.

 Using up to 1 cpu(s) for the symmetric stiffness/mass contributions.

 Factoring the system of equations using the symmetric spooles solver
 Using 1 cpu for spooles.

 Using up to 1 cpu(s) for the stress calculation.

line search factor=1.010000

 Using up to 1 cpu(s) for the stress calculation.

 average force= 4.771791
 time avg. forc= 2.906423
 largest residual force= 0.001250 in node 71466 and dof 3
 largest increment of disp= 5.018086e-01
 largest correction to disp= 9.275572e-04 in node 312 and dof 3

 no convergence

 iteration 4

 Number of contact spring elements=24738

 Using up to 1 cpu(s) for the stress calculation.

 Using up to 1 cpu(s) for the symmetric stiffness/mass contributions.

 Factoring the system of equations using the symmetric spooles solver
 Using 1 cpu for spooles.

 Using up to 1 cpu(s) for the stress calculation.

line search factor=1.010000

 Using up to 1 cpu(s) for the stress calculation.

 average force= 4.772065
 time avg. forc= 2.906432
 largest residual force= 0.000229 in node 71466 and dof 3
 largest increment of disp= 5.018086e-01
 largest correction to disp= 1.706954e-04 in node 312 and dof 3

 convergence; the increment size is increased to 7.500000e-01

 the increment size exceeds the maximum allowed and is decreased to 5.000000e-01

 the increment size exceeds the remainder of the step and is decreased to 6.439294e-15

 pressure ratio (smallest/largest pressure over all contact areas) =-6.345528e-04

 Using up to 1 cpu(s) for the stress calculation.

 Determining the structure of the matrix:
 Using up to 1 cpu(s) for setting up the structure of the matrix.
 number of equations
 610221
 number of nonzero lower triangular matrix elements
 21758853

 increment 1 attempt 1 
 increment size= 5.000000e-01
 sum of previous increments=0.000000e+00
 actual step time=5.000000e-01
 actual total time=1.500000e+01

 iteration 1

 Number of contact spring elements=19871

 Determining the structure of the matrix:

 Using up to 1 cpu(s) for setting up the structure of the matrix.
 number of equations
 610221
 number of nonzero lower triangular matrix elements
 21799038

 Using up to 1 cpu(s) for the stress calculation.

 Using up to 1 cpu(s) for the symmetric stiffness/mass contributions.

 Factoring the system of equations using the symmetric spooles solver
 Using 1 cpu for spooles.

 Using up to 1 cpu(s) for the stress calculation.

 average force= 5.177785
 time avg. forc= 5.177785
 largest residual force= 9.046561 in node 76618 and dof 3
 largest increment of disp= 5.017425e-01
 largest correction to disp= 5.017425e-01 in node 1072 and dof 3

 no convergence

 iteration 2

 Number of contact spring elements=23970

 Using up to 1 cpu(s) for the stress calculation.

 Using up to 1 cpu(s) for the symmetric stiffness/mass contributions.

 Factoring the system of equations using the symmetric spooles solver
 Using 1 cpu for spooles.

 Using up to 1 cpu(s) for the stress calculation.

line search factor=1.002606

 Using up to 1 cpu(s) for the stress calculation.

 average force= 4.966253
 time avg. forc= 4.966253
 largest residual force= 0.040570 in node 70625 and dof 3
 largest increment of disp= 5.017425e-01
 largest correction to disp= 2.697700e-02 in node 307 and dof 3

 no convergence

 iteration 3

 Number of contact spring elements=24370

 Using up to 1 cpu(s) for the stress calculation.

 Using up to 1 cpu(s) for the symmetric stiffness/mass contributions.

 Factoring the system of equations using the symmetric spooles solver
 Using 1 cpu for spooles.

 Using up to 1 cpu(s) for the stress calculation.

line search factor=1.010000

 Using up to 1 cpu(s) for the stress calculation.

 average force= 4.950097
 time avg. forc= 4.950097
 largest residual force= 0.009057 in node 70625 and dof 3
 largest increment of disp= 5.017425e-01
 largest correction to disp= 9.155480e-03 in node 298 and dof 3

 no convergence

 iteration 4

 Number of contact spring elements=24439

 Using up to 1 cpu(s) for the stress calculation.

 Using up to 1 cpu(s) for the symmetric stiffness/mass contributions.

 Factoring the system of equations using the symmetric spooles solver
 Using 1 cpu for spooles.

 Using up to 1 cpu(s) for the stress calculation.

line search factor=1.010000

 Using up to 1 cpu(s) for the stress calculation.

 average force= 4.947294
 time avg. forc= 4.947294
 largest residual force= 0.001756 in node 70625 and dof 3
 largest increment of disp= 5.017425e-01
 largest correction to disp= 1.368614e-03 in node 317 and dof 3

 no convergence

 iteration 5

 Number of contact spring elements=24451

 Using up to 1 cpu(s) for the stress calculation.

 Using up to 1 cpu(s) for the symmetric stiffness/mass contributions.

 Factoring the system of equations using the symmetric spooles solver
 Using 1 cpu for spooles.

 Using up to 1 cpu(s) for the stress calculation.

line search factor=1.010000

 Using up to 1 cpu(s) for the stress calculation.

 average force= 4.946807
 time avg. forc= 4.946807
 largest residual force= 0.000312 in node 70625 and dof 3
 largest increment of disp= 5.017425e-01
 largest correction to disp= 2.438349e-04 in node 316 and dof 3

 convergence

 Using up to 1 cpu(s) for the stress calculation.

 increment 2 attempt 1 
 increment size= 5.000000e-01
 sum of previous increments=5.000000e-01
 actual step time=1.000000e+00
 actual total time=1.550000e+01

 iteration 1

 Number of contact spring elements=19033

 Determining the structure of the matrix:

 Using up to 1 cpu(s) for setting up the structure of the matrix.
 number of equations
 610221
 number of nonzero lower triangular matrix elements
 21795330

 Using up to 1 cpu(s) for the stress calculation.

 Using up to 1 cpu(s) for the symmetric stiffness/mass contributions.

 Factoring the system of equations using the symmetric spooles solver
 Using 1 cpu for spooles.

 Using up to 1 cpu(s) for the stress calculation.

 average force= 5.345681
 time avg. forc= 5.146244
 largest residual force= 0.019858 in node 70650 and dof 3
 largest increment of disp= 5.018396e-01
 largest correction to disp= 1.849647e-02 in node 316 and dof 3

 no convergence

 iteration 2

 Number of contact spring elements=23005

 Using up to 1 cpu(s) for the stress calculation.

 Using up to 1 cpu(s) for the symmetric stiffness/mass contributions.

 Factoring the system of equations using the symmetric spooles solver
 Using 1 cpu for spooles.

 Using up to 1 cpu(s) for the stress calculation.

line search factor=1.010000

 Using up to 1 cpu(s) for the stress calculation.

 average force= 5.171117
 time avg. forc= 5.058962
 largest residual force= 0.023550 in node 71508 and dof 3
 largest increment of disp= 5.018396e-01
 largest correction to disp= 1.562228e-02 in node 323 and dof 3

 no convergence

 iteration 3

 Number of contact spring elements=23189

 Using up to 1 cpu(s) for the stress calculation.

 Using up to 1 cpu(s) for the symmetric stiffness/mass contributions.

 Factoring the system of equations using the symmetric spooles solver
 Using 1 cpu for spooles.

 Using up to 1 cpu(s) for the stress calculation.

line search factor=1.010000

 Using up to 1 cpu(s) for the stress calculation.

 average force= 5.163331
 time avg. forc= 5.055069
 largest residual force= 0.003068 in node 71507 and dof 3
 largest increment of disp= 5.018396e-01
 largest correction to disp= 2.393447e-03 in node 319 and dof 3

 no convergence

 iteration 4

 Number of contact spring elements=23167

 Using up to 1 cpu(s) for the stress calculation.

 Using up to 1 cpu(s) for the symmetric stiffness/mass contributions.

 Factoring the system of equations using the symmetric spooles solver
 Using 1 cpu for spooles.

 Using up to 1 cpu(s) for the stress calculation.

line search factor=1.010000

 Using up to 1 cpu(s) for the stress calculation.

 average force= 5.164271
 time avg. forc= 5.055539
 largest residual force= 0.000487 in node 70649 and dof 3
 largest increment of disp= 5.018396e-01
 largest correction to disp= 3.815666e-04 in node 319 and dof 3

 convergence; the increment size is increased to 7.500000e-01

 the increment size exceeds the maximum allowed and is decreased to 5.000000e-01

 Using up to 1 cpu(s) for the stress calculation.

 increment 3 attempt 1 
 increment size= 5.000000e-01
 sum of previous increments=1.000000e+00
 actual step time=1.500000e+00
 actual total time=1.600000e+01

 iteration 1

 Number of contact spring elements=16016

 Determining the structure of the matrix:

 Using up to 1 cpu(s) for setting up the structure of the matrix.
 number of equations
 610221
 number of nonzero lower triangular matrix elements
 21793197

 Using up to 1 cpu(s) for the stress calculation.

 Using up to 1 cpu(s) for the symmetric stiffness/mass contributions.

 Factoring the system of equations using the symmetric spooles solver
 Using 1 cpu for spooles.

 Using up to 1 cpu(s) for the stress calculation.

 average force= 5.662038
 time avg. forc= 5.257705
 largest residual force= 0.024549 in node 70668 and dof 3
 largest increment of disp= 5.018629e-01
 largest correction to disp= 2.203884e-02 in node 327 and dof 3

 no convergence

 iteration 2

 Number of contact spring elements=19658

 Using up to 1 cpu(s) for the stress calculation.

 Using up to 1 cpu(s) for the symmetric stiffness/mass contributions.

 Factoring the system of equations using the symmetric spooles solver
 Using 1 cpu for spooles.

 Using up to 1 cpu(s) for the stress calculation.

line search factor=1.010000

 Using up to 1 cpu(s) for the stress calculation.

 average force= 5.487696
 time avg. forc= 5.199591
 largest residual force= 0.021212 in node 71525 and dof 3
 largest increment of disp= 5.018629e-01
 largest correction to disp= 1.379879e-02 in node 325 and dof 3

 no convergence

 iteration 3

 Number of contact spring elements=19701

 Using up to 1 cpu(s) for the stress calculation.

 Using up to 1 cpu(s) for the symmetric stiffness/mass contributions.

 Factoring the system of equations using the symmetric spooles solver
 Using 1 cpu for spooles.

 Using up to 1 cpu(s) for the stress calculation.

line search factor=1.010000

 Using up to 1 cpu(s) for the stress calculation.

 average force= 5.485731
 time avg. forc= 5.198936
 largest residual force= 0.003204 in node 70674 and dof 3
 largest increment of disp= 5.018629e-01
 largest correction to disp= 2.295288e-03 in node 322 and dof 3

 no convergence

 iteration 4

 Number of contact spring elements=19691

 Using up to 1 cpu(s) for the stress calculation.

 Using up to 1 cpu(s) for the symmetric stiffness/mass contributions.

 Factoring the system of equations using the symmetric spooles solver
 Using 1 cpu for spooles.

 Using up to 1 cpu(s) for the stress calculation.

line search factor=1.010000

 Using up to 1 cpu(s) for the stress calculation.

 average force= 5.486201
 time avg. forc= 5.199093
 largest residual force= 0.000530 in node 70674 and dof 3
 largest increment of disp= 5.018629e-01
 largest correction to disp= 3.787836e-04 in node 322 and dof 3

 convergence; the increment size is increased to 7.500000e-01

 the increment size exceeds the maximum allowed and is decreased to 5.000000e-01

 Using up to 1 cpu(s) for the stress calculation.

 increment 4 attempt 1 
 increment size= 5.000000e-01
 sum of previous increments=1.500000e+00
 actual step time=2.000000e+00
 actual total time=1.650000e+01

 iteration 1

 Number of contact spring elements=18355

 Determining the structure of the matrix:

 Using up to 1 cpu(s) for setting up the structure of the matrix.
 number of equations
 610221
 number of nonzero lower triangular matrix elements
 21795582

 Using up to 1 cpu(s) for the stress calculation.

 Using up to 1 cpu(s) for the symmetric stiffness/mass contributions.

 Factoring the system of equations using the symmetric spooles solver
 Using 1 cpu for spooles.

 Using up to 1 cpu(s) for the stress calculation.

 average force= 5.720648
 time avg. forc= 5.329482
 largest residual force= 0.013533 in node 70685 and dof 3
 largest increment of disp= 5.018621e-01
 largest correction to disp= 1.024498e-02 in node 335 and dof 3

 no convergence

 iteration 2

 Number of contact spring elements=22971

 Using up to 1 cpu(s) for the stress calculation.

 Using up to 1 cpu(s) for the symmetric stiffness/mass contributions.

 Factoring the system of equations using the symmetric spooles solver
 Using 1 cpu for spooles.

 Using up to 1 cpu(s) for the stress calculation.

line search factor=1.010000

 Using up to 1 cpu(s) for the stress calculation.

 average force= 5.503428
 time avg. forc= 5.275177
 largest residual force= 0.025098 in node 71549 and dof 3
 largest increment of disp= 5.018621e-01
 largest correction to disp= 1.509516e-02 in node 329 and dof 3

 no convergence

 iteration 3

 Number of contact spring elements=22971

 Using up to 1 cpu(s) for the stress calculation.

 Using up to 1 cpu(s) for the symmetric stiffness/mass contributions.

 Factoring the system of equations using the symmetric spooles solver
 Using 1 cpu for spooles.

 Using up to 1 cpu(s) for the stress calculation.

line search factor=1.010000

 Using up to 1 cpu(s) for the stress calculation.

 average force= 5.503464
 time avg. forc= 5.275186
 largest residual force= 0.003448 in node 71549 and dof 3
 largest increment of disp= 5.018621e-01
 largest correction to disp= 2.402990e-03 in node 326 and dof 3

 convergence; the increment size is increased to 7.500000e-01

 the increment size exceeds the maximum allowed and is decreased to 5.000000e-01

 Using up to 1 cpu(s) for the stress calculation.

 increment 5 attempt 1 
 increment size= 5.000000e-01
 sum of previous increments=2.000000e+00
 actual step time=2.500000e+00
 actual total time=1.700000e+01

 iteration 1

 Number of contact spring elements=21553

 Determining the structure of the matrix:

 Using up to 1 cpu(s) for setting up the structure of the matrix.
 number of equations
 610221
 number of nonzero lower triangular matrix elements
 21805599

 Using up to 1 cpu(s) for the stress calculation.

 Using up to 1 cpu(s) for the symmetric stiffness/mass contributions.

 Factoring the system of equations using the symmetric spooles solver
 Using 1 cpu for spooles.

 Using up to 1 cpu(s) for the stress calculation.

 average force= 5.735651
 time avg. forc= 5.367279
 largest residual force= 0.016715 in node 70703 and dof 3
 largest increment of disp= 5.018602e-01
 largest correction to disp= 1.169536e-02 in node 332 and dof 3

 no convergence

 iteration 2

 Number of contact spring elements=26191

 Using up to 1 cpu(s) for the stress calculation.

 Using up to 1 cpu(s) for the symmetric stiffness/mass contributions.

 Factoring the system of equations using the symmetric spooles solver
 Using 1 cpu for spooles.

 Using up to 1 cpu(s) for the stress calculation.

line search factor=1.010000

 Using up to 1 cpu(s) for the stress calculation.

 average force= 5.522439
 time avg. forc= 5.324636
 largest residual force= 0.021372 in node 70709 and dof 3
 largest increment of disp= 5.018602e-01
 largest correction to disp= 1.299185e-02 in node 333 and dof 3

 no convergence

 iteration 3

 Number of contact spring elements=26016

 Using up to 1 cpu(s) for the stress calculation.

 Using up to 1 cpu(s) for the symmetric stiffness/mass contributions.

 Factoring the system of equations using the symmetric spooles solver
 Using 1 cpu for spooles.

 Using up to 1 cpu(s) for the stress calculation.

line search factor=1.010000

 Using up to 1 cpu(s) for the stress calculation.

 average force= 5.530234
 time avg. forc= 5.326195
 largest residual force= 0.003487 in node 70709 and dof 3
 largest increment of disp= 5.018602e-01
 largest correction to disp= 1.938725e-03 in node 327 and dof 3

 no convergence

 iteration 4

 Number of contact spring elements=25989

 Using up to 1 cpu(s) for the stress calculation.

 Using up to 1 cpu(s) for the symmetric stiffness/mass contributions.

 Factoring the system of equations using the symmetric spooles solver
 Using 1 cpu for spooles.

 Using up to 1 cpu(s) for the stress calculation.

line search factor=1.010000

 Using up to 1 cpu(s) for the stress calculation.

 average force= 5.531439
 time avg. forc= 5.326436
 largest residual force= 0.000574 in node 70709 and dof 3
 largest increment of disp= 5.018602e-01
 largest correction to disp= 3.231140e-04 in node 328 and dof 3

 no convergence

 iteration 5

 Number of contact spring elements=25960

 Using up to 1 cpu(s) for the stress calculation.

 Using up to 1 cpu(s) for the symmetric stiffness/mass contributions.

 Factoring the system of equations using the symmetric spooles solver
 Using 1 cpu for spooles.

 Using up to 1 cpu(s) for the stress calculation.

line search factor=1.010000

 Using up to 1 cpu(s) for the stress calculation.

 average force= 5.532729
 time avg. forc= 5.326694
 largest residual force= 0.000094 in node 70709 and dof 3
 largest increment of disp= 5.018602e-01
 largest correction to disp= 5.274575e-05 in node 327 and dof 3

 no convergence

 iteration 6

 Number of contact spring elements=25960

 Using up to 1 cpu(s) for the stress calculation.

 Using up to 1 cpu(s) for the symmetric stiffness/mass contributions.

 Factoring the system of equations using the symmetric spooles solver
 Using 1 cpu for spooles.

 Using up to 1 cpu(s) for the stress calculation.

line search factor=1.010000

 Using up to 1 cpu(s) for the stress calculation.

 average force= 5.532729
 time avg. forc= 5.326694
 largest residual force= 0.000015 in node 70709 and dof 3
 largest increment of disp= 5.018602e-01
 largest correction to disp= 8.630583e-06 in node 327 and dof 3

 convergence; the increment size is increased to 7.500000e-01

 the increment size exceeds the maximum allowed and is decreased to 5.000000e-01

 Using up to 1 cpu(s) for the stress calculation.

 increment 6 attempt 1 
 increment size= 5.000000e-01
 sum of previous increments=2.500000e+00
 actual step time=3.000000e+00
 actual total time=1.750000e+01

 iteration 1

 Number of contact spring elements=57367

 Determining the structure of the matrix:

 Using up to 1 cpu(s) for setting up the structure of the matrix.
 number of equations
 610221
 number of nonzero lower triangular matrix elements
 21900927

 Using up to 1 cpu(s) for the stress calculation.

 Using up to 1 cpu(s) for the symmetric stiffness/mass contributions.

 Factoring the system of equations using the symmetric spooles solver
 Using 1 cpu for spooles.

 Using up to 1 cpu(s) for the stress calculation.

 average force= 4.546309
 time avg. forc= 5.196630
 largest residual force= 0.028176 in node 76196 and dof 3
 largest increment of disp= 5.018629e-01
 largest correction to disp= 1.831051e-02 in node 335 and dof 3

 no convergence

 iteration 2

 Number of contact spring elements=87485

 Using up to 1 cpu(s) for the stress calculation.

 Using up to 1 cpu(s) for the symmetric stiffness/mass contributions.

 Factoring the system of equations using the symmetric spooles solver
 Using 1 cpu for spooles.

 Using up to 1 cpu(s) for the stress calculation.

line search factor=1.010000

 Using up to 1 cpu(s) for the stress calculation.

 average force= 3.810500
 time avg. forc= 5.073995
 largest residual force= 0.051543 in node 72335 and dof 3
 largest increment of disp= 5.018629e-01
 largest correction to disp= 3.552944e-02 in node 468 and dof 3

 no convergence

 iteration 3

 Number of contact spring elements=81723

 Using up to 1 cpu(s) for the stress calculation.

 Using up to 1 cpu(s) for the symmetric stiffness/mass contributions.

 Factoring the system of equations using the symmetric spooles solver
 Using 1 cpu for spooles.

 Using up to 1 cpu(s) for the stress calculation.

line search factor=1.010000

 Using up to 1 cpu(s) for the stress calculation.

 average force= 3.932485
 time avg. forc= 5.094326
 largest residual force= 0.011229 in node 72335 and dof 3
 largest increment of disp= 5.018629e-01
 largest correction to disp= 8.329430e-03 in node 462 and dof 3

 no convergence

 iteration 4

 Number of contact spring elements=78507

 Using up to 1 cpu(s) for the stress calculation.

 Using up to 1 cpu(s) for the symmetric stiffness/mass contributions.

 Factoring the system of equations using the symmetric spooles solver
 Using 1 cpu for spooles.

 Using up to 1 cpu(s) for the stress calculation.

line search factor=1.010000

 Using up to 1 cpu(s) for the stress calculation.

 average force= 4.003982
 time avg. forc= 5.106242
 largest residual force= 0.003034 in node 72341 and dof 3
 largest increment of disp= 5.018629e-01
 largest correction to disp= 2.312765e-03 in node 464 and dof 3

 no convergence

 iteration 5

 Number of contact spring elements=77599

 Using up to 1 cpu(s) for the stress calculation.

 Using up to 1 cpu(s) for the symmetric stiffness/mass contributions.

 Factoring the system of equations using the symmetric spooles solver
 Using 1 cpu for spooles.

 Using up to 1 cpu(s) for the stress calculation.

line search factor=1.010000

 Using up to 1 cpu(s) for the stress calculation.

 average force= 4.024640
 time avg. forc= 5.109685
 largest residual force= 0.000716 in node 72341 and dof 3
 largest increment of disp= 5.018629e-01
 largest correction to disp= 5.285438e-04 in node 464 and dof 3

 no convergence

 iteration 6

 Number of contact spring elements=77489

 Using up to 1 cpu(s) for the stress calculation.

 Using up to 1 cpu(s) for the symmetric stiffness/mass contributions.

 Factoring the system of equations using the symmetric spooles solver
 Using 1 cpu for spooles.

 Using up to 1 cpu(s) for the stress calculation.

line search factor=1.010000

 Using up to 1 cpu(s) for the stress calculation.

 average force= 4.027157
 time avg. forc= 5.110105
 largest residual force= 0.000158 in node 71355 and dof 3
 largest increment of disp= 5.018629e-01
 largest correction to disp= 1.146800e-04 in node 464 and dof 3

 no convergence

 iteration 7

 Number of contact spring elements=77413

 Using up to 1 cpu(s) for the stress calculation.

 Using up to 1 cpu(s) for the symmetric stiffness/mass contributions.

 Factoring the system of equations using the symmetric spooles solver
 Using 1 cpu for spooles.

 Using up to 1 cpu(s) for the stress calculation.

line search factor=1.010000

 Using up to 1 cpu(s) for the stress calculation.

 average force= 4.028898
 time avg. forc= 5.110395
 largest residual force= 0.000035 in node 71355 and dof 3
 largest increment of disp= 5.018629e-01
 largest correction to disp= 2.460858e-05 in node 464 and dof 3

 convergence; the increment size is increased to 7.500000e-01

 the increment size exceeds the maximum allowed and is decreased to 5.000000e-01

 Using up to 1 cpu(s) for the stress calculation.

 increment 7 attempt 1 
 increment size= 5.000000e-01
 sum of previous increments=3.000000e+00
 actual step time=3.500000e+00
 actual total time=1.800000e+01

 iteration 1

 Number of contact spring elements=100815

 Determining the structure of the matrix:

 Using up to 1 cpu(s) for setting up the structure of the matrix.
 number of equations
 610221
 number of nonzero lower triangular matrix elements
 21978858

 Using up to 1 cpu(s) for the stress calculation.

 Using up to 1 cpu(s) for the symmetric stiffness/mass contributions.

 Factoring the system of equations using the symmetric spooles solver
 Using 1 cpu for spooles.

 Using up to 1 cpu(s) for the stress calculation.

 average force= 3.657103
 time avg. forc= 4.902782
 largest residual force= 0.039786 in node 76179 and dof 3
 largest increment of disp= 5.019533e-01
 largest correction to disp= 1.924889e-02 in node 322 and dof 3

 no convergence

 iteration 2

 Number of contact spring elements=128631

 Using up to 1 cpu(s) for the stress calculation.

 Using up to 1 cpu(s) for the symmetric stiffness/mass contributions.

 Factoring the system of equations using the symmetric spooles solver
 Using 1 cpu for spooles.

 Using up to 1 cpu(s) for the stress calculation.

line search factor=1.010000

 Using up to 1 cpu(s) for the stress calculation.

 average force= 3.209428
 time avg. forc= 4.838828
 largest residual force= 0.047202 in node 76770 and dof 3
 largest increment of disp= 5.019533e-01
 largest correction to disp= 2.244293e-02 in node 481 and dof 3

 no convergence

 iteration 3

 Number of contact spring elements=124465

 Using up to 1 cpu(s) for the stress calculation.

 Using up to 1 cpu(s) for the symmetric stiffness/mass contributions.

 Factoring the system of equations using the symmetric spooles solver
 Using 1 cpu for spooles.

 Using up to 1 cpu(s) for the stress calculation.

line search factor=1.010000

 Using up to 1 cpu(s) for the stress calculation.

 average force= 3.269465
 time avg. forc= 4.847405
 largest residual force= 0.007314 in node 70426 and dof 3
 largest increment of disp= 5.019533e-01
 largest correction to disp= 3.887164e-03 in node 460 and dof 3

 no convergence

 iteration 4

 Number of contact spring elements=123199

 Using up to 1 cpu(s) for the stress calculation.

 Using up to 1 cpu(s) for the symmetric stiffness/mass contributions.

 Factoring the system of equations using the symmetric spooles solver
 Using 1 cpu for spooles.

 Using up to 1 cpu(s) for the stress calculation.

line search factor=1.010000

 Using up to 1 cpu(s) for the stress calculation.

 average force= 3.288152
 time avg. forc= 4.850075
 largest residual force= 0.001125 in node 72288 and dof 3
 largest increment of disp= 5.019533e-01
 largest correction to disp= 9.878976e-04 in node 462 and dof 3

 no convergence

 iteration 5

 Number of contact spring elements=122757

 Using up to 1 cpu(s) for the stress calculation.

 Using up to 1 cpu(s) for the symmetric stiffness/mass contributions.

 Factoring the system of equations using the symmetric spooles solver
 Using 1 cpu for spooles.

 Using up to 1 cpu(s) for the stress calculation.

line search factor=1.010000

 Using up to 1 cpu(s) for the stress calculation.

 average force= 3.294725
 time avg. forc= 4.851014
 largest residual force= 0.000305 in node 72288 and dof 3
 largest increment of disp= 5.019533e-01
 largest correction to disp= 2.520218e-04 in node 463 and dof 3

 no convergence

 iteration 6

 Number of contact spring elements=122656

 Using up to 1 cpu(s) for the stress calculation.

 Using up to 1 cpu(s) for the symmetric stiffness/mass contributions.

 Factoring the system of equations using the symmetric spooles solver
 Using 1 cpu for spooles.

 Using up to 1 cpu(s) for the stress calculation.

line search factor=1.010000

 Using up to 1 cpu(s) for the stress calculation.

 average force= 3.296230
 time avg. forc= 4.851229
 largest residual force= 0.000083 in node 72288 and dof 3
 largest increment of disp= 5.019533e-01
 largest correction to disp= 6.629478e-05 in node 463 and dof 3

 convergence; the increment size is increased to 7.500000e-01

 the increment size exceeds the maximum allowed and is decreased to 5.000000e-01

 Using up to 1 cpu(s) for the stress calculation.

 increment 8 attempt 1 
 increment size= 5.000000e-01
 sum of previous increments=3.500000e+00
 actual step time=4.000000e+00
 actual total time=1.850000e+01

 iteration 1

 Number of contact spring elements=165488

 Determining the structure of the matrix:

 Using up to 1 cpu(s) for setting up the structure of the matrix.
 number of equations
 610221
 number of nonzero lower triangular matrix elements
 22116279

 Using up to 1 cpu(s) for the stress calculation.

 Using up to 1 cpu(s) for the symmetric stiffness/mass contributions.

 Factoring the system of equations using the symmetric spooles solver
 Using 1 cpu for spooles.

 Using up to 1 cpu(s) for the stress calculation.

 average force= 2.837959
 time avg. forc= 4.599570
 largest residual force= 0.039368 in node 69630 and dof 3
 largest increment of disp= 5.020868e-01
 largest correction to disp= 1.730812e-02 in node 344 and dof 3

 no convergence

 iteration 2

 Number of contact spring elements=206231

 Using up to 1 cpu(s) for the stress calculation.

 Using up to 1 cpu(s) for the symmetric stiffness/mass contributions.

 Factoring the system of equations using the symmetric spooles solver
 Using 1 cpu for spooles.

 Using up to 1 cpu(s) for the stress calculation.

line search factor=1.010000

 Using up to 1 cpu(s) for the stress calculation.

 average force= 2.458841
 time avg. forc= 4.552180
 largest residual force= 0.042801 in node 69121 and dof 3
 largest increment of disp= 5.020868e-01
 largest correction to disp= 2.421232e-02 in node 620 and dof 3

 no convergence

 iteration 3

 Number of contact spring elements=203290

 Using up to 1 cpu(s) for the stress calculation.

 Using up to 1 cpu(s) for the symmetric stiffness/mass contributions.

 Factoring the system of equations using the symmetric spooles solver
 Using 1 cpu for spooles.

 Using up to 1 cpu(s) for the stress calculation.

line search factor=1.010000

 Using up to 1 cpu(s) for the stress calculation.

 average force= 2.482868
 time avg. forc= 4.555184
 largest residual force= 0.007386 in node 69121 and dof 3
 largest increment of disp= 5.020868e-01
 largest correction to disp= 3.298730e-03 in node 604 and dof 3

 no convergence

 iteration 4

 Number of contact spring elements=202586

 Using up to 1 cpu(s) for the stress calculation.

 Using up to 1 cpu(s) for the symmetric stiffness/mass contributions.

 Factoring the system of equations using the symmetric spooles solver
 Using 1 cpu for spooles.

 Using up to 1 cpu(s) for the stress calculation.

line search factor=1.010000

 Using up to 1 cpu(s) for the stress calculation.

 average force= 2.488685
 time avg. forc= 4.555911
 largest residual force= 0.001168 in node 69121 and dof 3
 largest increment of disp= 5.020868e-01
 largest correction to disp= 5.839844e-04 in node 606 and dof 3

 no convergence

 iteration 5

 Number of contact spring elements=202438

 Using up to 1 cpu(s) for the stress calculation.

 Using up to 1 cpu(s) for the symmetric stiffness/mass contributions.

 Factoring the system of equations using the symmetric spooles solver
 Using 1 cpu for spooles.

 Using up to 1 cpu(s) for the stress calculation.

line search factor=1.010000

 Using up to 1 cpu(s) for the stress calculation.

 average force= 2.489911
 time avg. forc= 4.556064
 largest residual force= 0.000190 in node 69121 and dof 3
 largest increment of disp= 5.020868e-01
 largest correction to disp= 1.003648e-04 in node 606 and dof 3

 convergence; the increment size is increased to 7.500000e-01

 the increment size exceeds the maximum allowed and is decreased to 5.000000e-01

 Using up to 1 cpu(s) for the stress calculation.

 increment 9 attempt 1 
 increment size= 5.000000e-01
 sum of previous increments=4.000000e+00
 actual step time=4.500000e+00
 actual total time=1.900000e+01

 iteration 1

 Number of contact spring elements=262592

 Determining the structure of the matrix:

 Using up to 1 cpu(s) for setting up the structure of the matrix.
 number of equations
 610221
 number of nonzero lower triangular matrix elements
 22292220

 Using up to 1 cpu(s) for the stress calculation.

 Using up to 1 cpu(s) for the symmetric stiffness/mass contributions.

 Factoring the system of equations using the symmetric spooles solver
 Using 1 cpu for spooles.

 Using up to 1 cpu(s) for the stress calculation.

 average force= 2.131676
 time avg. forc= 4.286688
 largest residual force= 0.104447 in node 72328 and dof 3
 largest increment of disp= 5.022966e-01
 largest correction to disp= 3.930667e-02 in node 474 and dof 3

 no convergence

 iteration 2

 Number of contact spring elements=322028

 Using up to 1 cpu(s) for the stress calculation.

 Using up to 1 cpu(s) for the symmetric stiffness/mass contributions.

 Factoring the system of equations using the symmetric spooles solver
 Using 1 cpu for spooles.

 Using up to 1 cpu(s) for the stress calculation.

line search factor=1.010000

 Using up to 1 cpu(s) for the stress calculation.

 average force= 1.830648
 time avg. forc= 4.253240
 largest residual force= 0.027629 in node 70203 and dof 3
 largest increment of disp= 5.022966e-01
 largest correction to disp= 2.503632e-02 in node 625 and dof 3

 no convergence

 iteration 3

 Number of contact spring elements=313460

 Using up to 1 cpu(s) for the stress calculation.

 Using up to 1 cpu(s) for the symmetric stiffness/mass contributions.

 Factoring the system of equations using the symmetric spooles solver
 Using 1 cpu for spooles.

 Using up to 1 cpu(s) for the stress calculation.

line search factor=1.010000

 Using up to 1 cpu(s) for the stress calculation.

 average force= 1.868775
 time avg. forc= 4.257476
 largest residual force= 0.006414 in node 73128 and dof 3
 largest increment of disp= 5.022966e-01
 largest correction to disp= 3.022034e-03 in node 215 and dof 3

 no convergence

 iteration 4

 Number of contact spring elements=311034

 Using up to 1 cpu(s) for the stress calculation.

 Using up to 1 cpu(s) for the symmetric stiffness/mass contributions.

 Factoring the system of equations using the symmetric spooles solver
 Using 1 cpu for spooles.

 Using up to 1 cpu(s) for the stress calculation.

line search factor=1.010000

 Using up to 1 cpu(s) for the stress calculation.

 average force= 1.879856
 time avg. forc= 4.258708
 largest residual force= 0.001642 in node 73128 and dof 3
 largest increment of disp= 5.022966e-01
 largest correction to disp= 7.131858e-04 in node 301 and dof 3

 no convergence

 iteration 5

 Number of contact spring elements=310461

 Using up to 1 cpu(s) for the stress calculation.

 Using up to 1 cpu(s) for the symmetric stiffness/mass contributions.

 Factoring the system of equations using the symmetric spooles solver
 Using 1 cpu for spooles.

 Using up to 1 cpu(s) for the stress calculation.

line search factor=1.010000

 Using up to 1 cpu(s) for the stress calculation.

 average force= 1.882492
 time avg. forc= 4.259000
 largest residual force= 0.000384 in node 73140 and dof 3
 largest increment of disp= 5.022966e-01
 largest correction to disp= 1.984291e-04 in node 455 and dof 3

 no convergence

 iteration 6

 Number of contact spring elements=310304

 Using up to 1 cpu(s) for the stress calculation.

 Using up to 1 cpu(s) for the symmetric stiffness/mass contributions.

 Factoring the system of equations using the symmetric spooles solver
 Using 1 cpu for spooles.

 Using up to 1 cpu(s) for the stress calculation.

line search factor=1.010000

 Using up to 1 cpu(s) for the stress calculation.

 average force= 1.883215
 time avg. forc= 4.259081
 largest residual force= 0.000088 in node 73140 and dof 3
 largest increment of disp= 5.022966e-01
 largest correction to disp= 5.523633e-05 in node 457 and dof 3

 convergence; the increment size is increased to 7.500000e-01

 the increment size exceeds the maximum allowed and is decreased to 5.000000e-01

 Using up to 1 cpu(s) for the stress calculation.

 increment 10 attempt 1 
 increment size= 5.000000e-01
 sum of previous increments=4.500000e+00
 actual step time=5.000000e+00
 actual total time=1.950000e+01

 iteration 1

 Number of contact spring elements=344027

 Determining the structure of the matrix:

 Using up to 1 cpu(s) for setting up the structure of the matrix.
 number of equations
 610221
 number of nonzero lower triangular matrix elements
 22444545

 Using up to 1 cpu(s) for the stress calculation.

 Using up to 1 cpu(s) for the symmetric stiffness/mass contributions.

 Factoring the system of equations using the symmetric spooles solver
 Using 1 cpu for spooles.

 Using up to 1 cpu(s) for the stress calculation.

 average force= 1.785907
 time avg. forc= 4.011763
 largest residual force= 0.031127 in node 76095 and dof 3
 largest increment of disp= 5.026937e-01
 largest correction to disp= 2.730932e-02 in node 487 and dof 3

 no convergence

 iteration 2

 Number of contact spring elements=410290

 Using up to 1 cpu(s) for the stress calculation.

 Using up to 1 cpu(s) for the symmetric stiffness/mass contributions.

 Factoring the system of equations using the symmetric spooles solver
 Using 1 cpu for spooles.

 Using up to 1 cpu(s) for the stress calculation.

line search factor=1.010000

 Using up to 1 cpu(s) for the stress calculation.

 average force= 1.553474
 time avg. forc= 3.988520
 largest residual force= 0.025205 in node 55901 and dof 3
 largest increment of disp= 5.026937e-01
 largest correction to disp= 2.135254e-02 in node 524 and dof 3

 no convergence

 iteration 3

 Number of contact spring elements=402970

 Using up to 1 cpu(s) for the stress calculation.

 Using up to 1 cpu(s) for the symmetric stiffness/mass contributions.

 Factoring the system of equations using the symmetric spooles solver
 Using 1 cpu for spooles.

 Using up to 1 cpu(s) for the stress calculation.

line search factor=1.010000

 Using up to 1 cpu(s) for the stress calculation.

 average force= 1.576178
 time avg. forc= 3.990790
 largest residual force= 0.005518 in node 76400 and dof 3
 largest increment of disp= 5.026937e-01
 largest correction to disp= 3.258089e-03 in node 519 and dof 3

 no convergence

 iteration 4

 Number of contact spring elements=401096

 Using up to 1 cpu(s) for the stress calculation.

 Using up to 1 cpu(s) for the symmetric stiffness/mass contributions.

 Factoring the system of equations using the symmetric spooles solver
 Using 1 cpu for spooles.

 Using up to 1 cpu(s) for the stress calculation.

line search factor=1.010000

 Using up to 1 cpu(s) for the stress calculation.

 average force= 1.582097
 time avg. forc= 3.991382
 largest residual force= 0.001228 in node 76400 and dof 3
 largest increment of disp= 5.026937e-01
 largest correction to disp= 7.467832e-04 in node 514 and dof 3

 no convergence

 iteration 5

 Number of contact spring elements=400686

 Using up to 1 cpu(s) for the stress calculation.

 Using up to 1 cpu(s) for the symmetric stiffness/mass contributions.

 Factoring the system of equations using the symmetric spooles solver
 Using 1 cpu for spooles.

 Using up to 1 cpu(s) for the stress calculation.

line search factor=1.010000

 Using up to 1 cpu(s) for the stress calculation.

 average force= 1.583398
 time avg. forc= 3.991512
 largest residual force= 0.000272 in node 76400 and dof 3
 largest increment of disp= 5.026937e-01
 largest correction to disp= 1.610329e-04 in node 511 and dof 3

 no convergence

 iteration 6

 Number of contact spring elements=400625

 Using up to 1 cpu(s) for the stress calculation.

 Using up to 1 cpu(s) for the symmetric stiffness/mass contributions.

 Factoring the system of equations using the symmetric spooles solver
 Using 1 cpu for spooles.

 Using up to 1 cpu(s) for the stress calculation.

line search factor=1.010000

 Using up to 1 cpu(s) for the stress calculation.

 average force= 1.583592
 time avg. forc= 3.991532
 largest residual force= 0.000059 in node 76400 and dof 3
 largest increment of disp= 5.026937e-01
 largest correction to disp= 3.509125e-05 in node 510 and dof 3

 convergence; the increment size is increased to 7.500000e-01

 the increment size exceeds the maximum allowed and is decreased to 5.000000e-01

 Using up to 1 cpu(s) for the stress calculation.

 increment 11 attempt 1 
 increment size= 5.000000e-01
 sum of previous increments=5.000000e+00
 actual step time=5.500000e+00
 actual total time=2.000000e+01

 iteration 1

 Number of contact spring elements=400707

 Determining the structure of the matrix:

 Using up to 1 cpu(s) for setting up the structure of the matrix.
 number of equations
 610221
 number of nonzero lower triangular matrix elements
 22542654

 Using up to 1 cpu(s) for the stress calculation.

 Using up to 1 cpu(s) for the symmetric stiffness/mass contributions.

 Factoring the system of equations using the symmetric spooles solver
 Using 1 cpu for spooles.

 Using up to 1 cpu(s) for the stress calculation.

 average force= 1.624139
 time avg. forc= 3.776314
 largest residual force= 0.040977 in node 38210 and dof 2
 largest increment of disp= 5.026850e-01
 largest correction to disp= 4.288449e-02 in node 621 and dof 3

 no convergence

 iteration 2

 Number of contact spring elements=489987

 Using up to 1 cpu(s) for the stress calculation.

 Using up to 1 cpu(s) for the symmetric stiffness/mass contributions.

 Factoring the system of equations using the symmetric spooles solver
 Using 1 cpu for spooles.

 Using up to 1 cpu(s) for the stress calculation.

line search factor=1.010000

 Using up to 1 cpu(s) for the stress calculation.

 average force= 1.377833
 time avg. forc= 3.753923
 largest residual force= 0.021021 in node 71790 and dof 3
 largest increment of disp= 5.026850e-01
 largest correction to disp= 1.914597e-02 in node 538 and dof 3

 no convergence

 iteration 3

 Number of contact spring elements=479397

 Using up to 1 cpu(s) for the stress calculation.

 Using up to 1 cpu(s) for the symmetric stiffness/mass contributions.

 Factoring the system of equations using the symmetric spooles solver
 Using 1 cpu for spooles.

 Using up to 1 cpu(s) for the stress calculation.

line search factor=1.010000

 Using up to 1 cpu(s) for the stress calculation.

 average force= 1.403103
 time avg. forc= 3.756220
 largest residual force= 0.005136 in node 71790 and dof 3
 largest increment of disp= 5.026850e-01
 largest correction to disp= 3.511984e-03 in node 247 and dof 3

 no convergence

 iteration 4

 Number of contact spring elements=475133

 Using up to 1 cpu(s) for the stress calculation.

 Using up to 1 cpu(s) for the symmetric stiffness/mass contributions.

 Factoring the system of equations using the symmetric spooles solver
 Using 1 cpu for spooles.

 Using up to 1 cpu(s) for the stress calculation.

line search factor=1.010000

 Using up to 1 cpu(s) for the stress calculation.

 average force= 1.413538
 time avg. forc= 3.757169
 largest residual force= 0.001178 in node 71790 and dof 3
 largest increment of disp= 5.026850e-01
 largest correction to disp= 1.064951e-03 in node 251 and dof 3

 no convergence

 iteration 5

 Number of contact spring elements=473831

 Using up to 1 cpu(s) for the stress calculation.

 Using up to 1 cpu(s) for the symmetric stiffness/mass contributions.

 Factoring the system of equations using the symmetric spooles solver
 Using 1 cpu for spooles.

 Using up to 1 cpu(s) for the stress calculation.

line search factor=1.010000

 Using up to 1 cpu(s) for the stress calculation.

 average force= 1.416755
 time avg. forc= 3.757461
 largest residual force= 0.000267 in node 71790 and dof 3
 largest increment of disp= 5.026850e-01
 largest correction to disp= 2.303502e-04 in node 251 and dof 3

 no convergence

 iteration 6

 Number of contact spring elements=473425

 Using up to 1 cpu(s) for the stress calculation.

 Using up to 1 cpu(s) for the symmetric stiffness/mass contributions.

 Factoring the system of equations using the symmetric spooles solver
 Using 1 cpu for spooles.

 Using up to 1 cpu(s) for the stress calculation.

line search factor=1.010000

 Using up to 1 cpu(s) for the stress calculation.

 average force= 1.417761
 time avg. forc= 3.757553
 largest residual force= 0.000063 in node 72040 and dof 3
 largest increment of disp= 5.026850e-01
 largest correction to disp= 4.817720e-05 in node 250 and dof 3

 convergence; the increment size is increased to 7.500000e-01

 the increment size exceeds the maximum allowed and is decreased to 5.000000e-01

 Using up to 1 cpu(s) for the stress calculation.

 increment 12 attempt 1 
 increment size= 5.000000e-01
 sum of previous increments=5.500000e+00
 actual step time=6.000000e+00
 actual total time=2.050000e+01

 iteration 1

 Number of contact spring elements=417832

 Determining the structure of the matrix:

 Using up to 1 cpu(s) for setting up the structure of the matrix.
 number of equations
 610221
 number of nonzero lower triangular matrix elements
 22576593

 Using up to 1 cpu(s) for the stress calculation.

 Using up to 1 cpu(s) for the symmetric stiffness/mass contributions.

 Factoring the system of equations using the symmetric spooles solver
 Using 1 cpu for spooles.

 Using up to 1 cpu(s) for the stress calculation.

 average force= 1.609408
 time avg. forc= 3.578541
 largest residual force= 0.103333 in node 34251 and dof 2
 largest increment of disp= 5.025583e-01
 largest correction to disp= 8.175167e-02 in node 618 and dof 3

 no convergence

 iteration 2

 Number of contact spring elements=512551

 Using up to 1 cpu(s) for the stress calculation.

 Using up to 1 cpu(s) for the symmetric stiffness/mass contributions.

 Factoring the system of equations using the symmetric spooles solver
 Using 1 cpu for spooles.

 Using up to 1 cpu(s) for the stress calculation.

line search factor=1.010000

 Using up to 1 cpu(s) for the stress calculation.

 average force= 1.359941
 time avg. forc= 3.557752
 largest residual force= 0.028494 in node 71826 and dof 3
 largest increment of disp= 5.025583e-01
 largest correction to disp= 2.214639e-02 in node 312 and dof 3

 no convergence

 iteration 3

 Number of contact spring elements=504143

 Using up to 1 cpu(s) for the stress calculation.

 Using up to 1 cpu(s) for the symmetric stiffness/mass contributions.

 Factoring the system of equations using the symmetric spooles solver
 Using 1 cpu for spooles.

 Using up to 1 cpu(s) for the stress calculation.

line search factor=1.010000

 Using up to 1 cpu(s) for the stress calculation.

 average force= 1.378956
 time avg. forc= 3.559336
 largest residual force= 0.004632 in node 71826 and dof 3
 largest increment of disp= 5.025583e-01
 largest correction to disp= 5.316395e-03 in node 651 and dof 3

 no convergence

 iteration 4

 Number of contact spring elements=501806

 Using up to 1 cpu(s) for the stress calculation.

 Using up to 1 cpu(s) for the symmetric stiffness/mass contributions.

 Factoring the system of equations using the symmetric spooles solver
 Using 1 cpu for spooles.

 Using up to 1 cpu(s) for the stress calculation.

line search factor=1.010000

 Using up to 1 cpu(s) for the stress calculation.

 average force= 1.384336
 time avg. forc= 3.559785
 largest residual force= 0.001281 in node 71826 and dof 3
 largest increment of disp= 5.025583e-01
 largest correction to disp= 1.482627e-03 in node 622 and dof 3

 no convergence

 iteration 5

 Number of contact spring elements=501028

 Using up to 1 cpu(s) for the stress calculation.

 Using up to 1 cpu(s) for the symmetric stiffness/mass contributions.

 Factoring the system of equations using the symmetric spooles solver
 Using 1 cpu for spooles.

 Using up to 1 cpu(s) for the stress calculation.

line search factor=1.010000

 Using up to 1 cpu(s) for the stress calculation.

 average force= 1.386136
 time avg. forc= 3.559935
 largest residual force= 0.000346 in node 71826 and dof 3
 largest increment of disp= 5.025583e-01
 largest correction to disp= 4.321418e-04 in node 616 and dof 3

 no convergence

 iteration 6

 Number of contact spring elements=500865

 Using up to 1 cpu(s) for the stress calculation.

 Using up to 1 cpu(s) for the symmetric stiffness/mass contributions.

 Factoring the system of equations using the symmetric spooles solver
 Using 1 cpu for spooles.

 Using up to 1 cpu(s) for the stress calculation.

line search factor=1.010000

 Using up to 1 cpu(s) for the stress calculation.

 average force= 1.386514
 time avg. forc= 3.559966
 largest residual force= 0.000093 in node 71826 and dof 3
 largest increment of disp= 5.025583e-01
 largest correction to disp= 1.228300e-04 in node 614 and dof 3

 convergence; the increment size is increased to 7.500000e-01

 the increment size exceeds the maximum allowed and is decreased to 5.000000e-01

 Using up to 1 cpu(s) for the stress calculation.

 increment 13 attempt 1 
 increment size= 5.000000e-01
 sum of previous increments=6.000000e+00
 actual step time=6.500000e+00
 actual total time=2.100000e+01

 iteration 1

 Number of contact spring elements=432179

 Determining the structure of the matrix:

 Using up to 1 cpu(s) for setting up the structure of the matrix.
 number of equations
 610221
 number of nonzero lower triangular matrix elements
 22577313

 Using up to 1 cpu(s) for the stress calculation.

 Using up to 1 cpu(s) for the symmetric stiffness/mass contributions.

 Factoring the system of equations using the symmetric spooles solver
 Using 1 cpu for spooles.

 Using up to 1 cpu(s) for the stress calculation.

 average force= 1.603904
 time avg. forc= 3.409500
 largest residual force= 0.168781 in node 64885 and dof 3
 largest increment of disp= 5.022501e-01
 largest correction to disp= 7.887668e-02 in node 318 and dof 3

 no convergence

 iteration 2

 Number of contact spring elements=516183

 Using up to 1 cpu(s) for the stress calculation.

 Using up to 1 cpu(s) for the symmetric stiffness/mass contributions.

 Factoring the system of equations using the symmetric spooles solver
 Using 1 cpu for spooles.

 Using up to 1 cpu(s) for the stress calculation.

line search factor=1.010000

 Using up to 1 cpu(s) for the stress calculation.

 average force= 1.384851
 time avg. forc= 3.392650
 largest residual force= 0.047042 in node 65512 and dof 3
 largest increment of disp= 5.022501e-01
 largest correction to disp= 2.863223e-02 in node 462 and dof 3

 no convergence

 iteration 3

 Number of contact spring elements=512644

 Using up to 1 cpu(s) for the stress calculation.

 Using up to 1 cpu(s) for the symmetric stiffness/mass contributions.

 Factoring the system of equations using the symmetric spooles solver
 Using 1 cpu for spooles.

 Using up to 1 cpu(s) for the stress calculation.

line search factor=1.010000

 Using up to 1 cpu(s) for the stress calculation.

 average force= 1.392892
 time avg. forc= 3.393268
 largest residual force= 0.003898 in node 73487 and dof 3
 largest increment of disp= 5.022501e-01
 largest correction to disp= 3.767898e-03 in node 649 and dof 3

 no convergence

 iteration 4

 Number of contact spring elements=511352

 Using up to 1 cpu(s) for the stress calculation.

 Using up to 1 cpu(s) for the symmetric stiffness/mass contributions.

 Factoring the system of equations using the symmetric spooles solver
 Using 1 cpu for spooles.

 Using up to 1 cpu(s) for the stress calculation.

line search factor=1.010000

 Using up to 1 cpu(s) for the stress calculation.

 average force= 1.395849
 time avg. forc= 3.393496
 largest residual force= 0.000877 in node 65512 and dof 3
 largest increment of disp= 5.022501e-01
 largest correction to disp= 1.074219e-03 in node 655 and dof 3

 no convergence

 iteration 5

 Number of contact spring elements=511031

 Using up to 1 cpu(s) for the stress calculation.

 Using up to 1 cpu(s) for the symmetric stiffness/mass contributions.

 Factoring the system of equations using the symmetric spooles solver
 Using 1 cpu for spooles.

 Using up to 1 cpu(s) for the stress calculation.

line search factor=1.010000

 Using up to 1 cpu(s) for the stress calculation.

 average force= 1.396586
 time avg. forc= 3.393552
 largest residual force= 0.000248 in node 70990 and dof 3
 largest increment of disp= 5.022501e-01
 largest correction to disp= 2.739275e-04 in node 653 and dof 3

 convergence; the increment size is increased to 7.500000e-01

 the increment size exceeds the maximum allowed and is decreased to 5.000000e-01

 Using up to 1 cpu(s) for the stress calculation.

 increment 14 attempt 1 
 increment size= 5.000000e-01
 sum of previous increments=6.500000e+00
 actual step time=7.000000e+00
 actual total time=2.150000e+01

 iteration 1

 Number of contact spring elements=416791

 Determining the structure of the matrix:

 Using up to 1 cpu(s) for setting up the structure of the matrix.
 number of equations
 610221
 number of nonzero lower triangular matrix elements
 22533591

 Using up to 1 cpu(s) for the stress calculation.

 Using up to 1 cpu(s) for the symmetric stiffness/mass contributions.

 Factoring the system of equations using the symmetric spooles solver
 Using 1 cpu for spooles.

 Using up to 1 cpu(s) for the stress calculation.

 average force= 1.690747
 time avg. forc= 3.271923
 largest residual force= 0.088808 in node 64969 and dof 3
 largest increment of disp= 5.021292e-01
 largest correction to disp= 6.108008e-02 in node 608 and dof 3

 no convergence

 iteration 2

 Number of contact spring elements=485482

 Using up to 1 cpu(s) for the stress calculation.

 Using up to 1 cpu(s) for the symmetric stiffness/mass contributions.

 Factoring the system of equations using the symmetric spooles solver
 Using 1 cpu for spooles.

 Using up to 1 cpu(s) for the stress calculation.

line search factor=1.010000

 Using up to 1 cpu(s) for the stress calculation.

 average force= 1.492013
 time avg. forc= 3.257728
 largest residual force= 0.014404 in node 73512 and dof 3
 largest increment of disp= 5.021292e-01
 largest correction to disp= 1.755817e-02 in node 620 and dof 3

 no convergence

 iteration 3

 Number of contact spring elements=482341

 Using up to 1 cpu(s) for the stress calculation.

 Using up to 1 cpu(s) for the symmetric stiffness/mass contributions.

 Factoring the system of equations using the symmetric spooles solver
 Using 1 cpu for spooles.

 Using up to 1 cpu(s) for the stress calculation.

line search factor=1.010000

 Using up to 1 cpu(s) for the stress calculation.

 average force= 1.500105
 time avg. forc= 3.258306
 largest residual force= 0.003603 in node 73512 and dof 3
 largest increment of disp= 5.021292e-01
 largest correction to disp= 4.026736e-03 in node 660 and dof 3

 no convergence

 iteration 4

 Number of contact spring elements=481473

 Using up to 1 cpu(s) for the stress calculation.

 Using up to 1 cpu(s) for the symmetric stiffness/mass contributions.

 Factoring the system of equations using the symmetric spooles solver
 Using 1 cpu for spooles.

 Using up to 1 cpu(s) for the stress calculation.

line search factor=1.010000

 Using up to 1 cpu(s) for the stress calculation.

 average force= 1.502355
 time avg. forc= 3.258467
 largest residual force= 0.000790 in node 73512 and dof 3
 largest increment of disp= 5.021292e-01
 largest correction to disp= 9.682829e-04 in node 662 and dof 3

 no convergence

 iteration 5

 Number of contact spring elements=481216

 Using up to 1 cpu(s) for the stress calculation.

 Using up to 1 cpu(s) for the symmetric stiffness/mass contributions.

 Factoring the system of equations using the symmetric spooles solver
 Using 1 cpu for spooles.

 Using up to 1 cpu(s) for the stress calculation.

line search factor=1.010000

 Using up to 1 cpu(s) for the stress calculation.

 average force= 1.503023
 time avg. forc= 3.258514
 largest residual force= 0.000180 in node 73512 and dof 3
 largest increment of disp= 5.021292e-01
 largest correction to disp= 2.339432e-04 in node 664 and dof 3

 convergence; the increment size is increased to 7.500000e-01

 the increment size exceeds the maximum allowed and is decreased to 5.000000e-01

 Using up to 1 cpu(s) for the stress calculation.

 increment 15 attempt 1 
 increment size= 5.000000e-01
 sum of previous increments=7.000000e+00
 actual step time=7.500000e+00
 actual total time=2.200000e+01

 iteration 1

 Number of contact spring elements=359640

 Determining the structure of the matrix:

 Using up to 1 cpu(s) for setting up the structure of the matrix.
 number of equations
 610221
 number of nonzero lower triangular matrix elements
 22430577

 Using up to 1 cpu(s) for the stress calculation.

 Using up to 1 cpu(s) for the symmetric stiffness/mass contributions.

 Factoring the system of equations using the symmetric spooles solver
 Using 1 cpu for spooles.

 Using up to 1 cpu(s) for the stress calculation.

 average force= 1.944839
 time avg. forc= 3.170936
 largest residual force= 0.180522 in node 65214 and dof 3
 largest increment of disp= 5.016499e-01
 largest correction to disp= 7.995576e-02 in node 559 and dof 3

 no convergence

 iteration 2

 Number of contact spring elements=419498

 Using up to 1 cpu(s) for the stress calculation.

 Using up to 1 cpu(s) for the symmetric stiffness/mass contributions.

 Factoring the system of equations using the symmetric spooles solver
 Using 1 cpu for spooles.

 Using up to 1 cpu(s) for the stress calculation.

line search factor=1.010000

 Using up to 1 cpu(s) for the stress calculation.

 average force= 1.720224
 time avg. forc= 3.155962
 largest residual force= 0.032344 in node 57675 and dof 3
 largest increment of disp= 5.016499e-01
 largest correction to disp= 2.453358e-02 in node 253 and dof 3

 no convergence

 iteration 3

 Number of contact spring elements=416281

 Using up to 1 cpu(s) for the stress calculation.

 Using up to 1 cpu(s) for the symmetric stiffness/mass contributions.

 Factoring the system of equations using the symmetric spooles solver
 Using 1 cpu for spooles.

 Using up to 1 cpu(s) for the stress calculation.

line search factor=1.010000

 Using up to 1 cpu(s) for the stress calculation.

 average force= 1.731023
 time avg. forc= 3.156682
 largest residual force= 0.004469 in node 65392 and dof 3
 largest increment of disp= 5.016499e-01
 largest correction to disp= 5.650112e-03 in node 671 and dof 3

 no convergence

 iteration 4

 Number of contact spring elements=415683

 Using up to 1 cpu(s) for the stress calculation.

 Using up to 1 cpu(s) for the symmetric stiffness/mass contributions.

 Factoring the system of equations using the symmetric spooles solver
 Using 1 cpu for spooles.

 Using up to 1 cpu(s) for the stress calculation.

line search factor=1.010000

 Using up to 1 cpu(s) for the stress calculation.

 average force= 1.733047
 time avg. forc= 3.156817
 largest residual force= 0.001111 in node 65392 and dof 3
 largest increment of disp= 5.016499e-01
 largest correction to disp= 1.357337e-03 in node 675 and dof 3

 no convergence

 iteration 5

 Number of contact spring elements=415609

 Using up to 1 cpu(s) for the stress calculation.

 Using up to 1 cpu(s) for the symmetric stiffness/mass contributions.

 Factoring the system of equations using the symmetric spooles solver
 Using 1 cpu for spooles.

 Using up to 1 cpu(s) for the stress calculation.

line search factor=1.010000

 Using up to 1 cpu(s) for the stress calculation.

 average force= 1.733299
 time avg. forc= 3.156833
 largest residual force= 0.000273 in node 65392 and dof 3
 largest increment of disp= 5.016499e-01
 largest correction to disp= 3.326895e-04 in node 546 and dof 3

 convergence; the increment size is increased to 7.500000e-01

 the increment size exceeds the maximum allowed and is decreased to 5.000000e-01

 Using up to 1 cpu(s) for the stress calculation.

 increment 16 attempt 1 
 increment size= 5.000000e-01
 sum of previous increments=7.500000e+00
 actual step time=8.000000e+00
 actual total time=2.250000e+01

 iteration 1

 Number of contact spring elements=339350

 Determining the structure of the matrix:

 Using up to 1 cpu(s) for setting up the structure of the matrix.
 number of equations
 610221
 number of nonzero lower triangular matrix elements
 22429839

 Using up to 1 cpu(s) for the stress calculation.

 Using up to 1 cpu(s) for the symmetric stiffness/mass contributions.

 Factoring the system of equations using the symmetric spooles solver
 Using 1 cpu for spooles.

 Using up to 1 cpu(s) for the stress calculation.

 average force= 2.079792
 time avg. forc= 3.089518
 largest residual force= 0.172663 in node 64520 and dof 3
 largest increment of disp= 5.013380e-01
 largest correction to disp= 6.616586e-02 in node 252 and dof 3

 no convergence

 iteration 2

 Number of contact spring elements=391902

 Using up to 1 cpu(s) for the stress calculation.

 Using up to 1 cpu(s) for the symmetric stiffness/mass contributions.

 Factoring the system of equations using the symmetric spooles solver
 Using 1 cpu for spooles.

 Using up to 1 cpu(s) for the stress calculation.

line search factor=1.010000

 Using up to 1 cpu(s) for the stress calculation.

 average force= 1.856923
 time avg. forc= 3.075589
 largest residual force= 0.122811 in node 65738 and dof 3
 largest increment of disp= 5.013380e-01
 largest correction to disp= 4.658712e-02 in node 471 and dof 3

 no convergence

 iteration 3

 Number of contact spring elements=386337

 Using up to 1 cpu(s) for the stress calculation.

 Using up to 1 cpu(s) for the symmetric stiffness/mass contributions.

 Factoring the system of equations using the symmetric spooles solver
 Using 1 cpu for spooles.

 Using up to 1 cpu(s) for the stress calculation.

line search factor=1.010000

 Using up to 1 cpu(s) for the stress calculation.

 average force= 1.878291
 time avg. forc= 3.076925
 largest residual force= 0.003449 in node 59800 and dof 3
 largest increment of disp= 5.013380e-01
 largest correction to disp= 6.002023e-03 in node 753 and dof 3

 no convergence

 iteration 4

 Number of contact spring elements=386109

 Using up to 1 cpu(s) for the stress calculation.

 Using up to 1 cpu(s) for the symmetric stiffness/mass contributions.

 Factoring the system of equations using the symmetric spooles solver
 Using 1 cpu for spooles.

 Using up to 1 cpu(s) for the stress calculation.

line search factor=1.010000

 Using up to 1 cpu(s) for the stress calculation.

 average force= 1.879191
 time avg. forc= 3.076981
 largest residual force= 0.001200 in node 59800 and dof 3
 largest increment of disp= 5.013380e-01
 largest correction to disp= 2.169103e-03 in node 621 and dof 3

 convergence; the increment size is increased to 7.500000e-01

 the increment size exceeds the maximum allowed and is decreased to 5.000000e-01

 Using up to 1 cpu(s) for the stress calculation.

 increment 17 attempt 1 
 increment size= 5.000000e-01
 sum of previous increments=8.000000e+00
 actual step time=8.500000e+00
 actual total time=2.300000e+01

 iteration 1

 Number of contact spring elements=270268

 Determining the structure of the matrix:

 Using up to 1 cpu(s) for setting up the structure of the matrix.
 number of equations
 610221
 number of nonzero lower triangular matrix elements
 22339965

 Using up to 1 cpu(s) for the stress calculation.

 Using up to 1 cpu(s) for the symmetric stiffness/mass contributions.

 Factoring the system of equations using the symmetric spooles solver
 Using 1 cpu for spooles.

 Using up to 1 cpu(s) for the stress calculation.

 average force= 2.523866
 time avg. forc= 3.044445
 largest residual force= 1.908979 in node 65857 and dof 3
 largest increment of disp= 5.011177e-01
 largest correction to disp= 1.826745e-01 in node 464 and dof 3

 no convergence

 iteration 2

 Number of contact spring elements=342948

 Using up to 1 cpu(s) for the stress calculation.

 Using up to 1 cpu(s) for the symmetric stiffness/mass contributions.

 Factoring the system of equations using the symmetric spooles solver
 Using 1 cpu for spooles.

 Using up to 1 cpu(s) for the stress calculation.

line search factor=1.010000

 Using up to 1 cpu(s) for the stress calculation.

 average force= 2.107510
 time avg. forc= 3.019953
 largest residual force= 0.130842 in node 74034 and dof 3
 largest increment of disp= 5.011177e-01
 largest correction to disp= 5.248097e-02 in node 751 and dof 3

 no convergence

 iteration 3

 Number of contact spring elements=333436

 Using up to 1 cpu(s) for the stress calculation.

 Using up to 1 cpu(s) for the symmetric stiffness/mass contributions.

 Factoring the system of equations using the symmetric spooles solver
 Using 1 cpu for spooles.

 Using up to 1 cpu(s) for the stress calculation.

line search factor=1.010000

 Using up to 1 cpu(s) for the stress calculation.

 average force= 2.153991
 time avg. forc= 3.022687
 largest residual force= 0.147074 in node 72299 and dof 3
 largest increment of disp= 5.011177e-01
 largest correction to disp= 4.737306e-02 in node 391 and dof 3

 no convergence

 iteration 4

 Number of contact spring elements=329016

 Using up to 1 cpu(s) for the stress calculation.

 Using up to 1 cpu(s) for the symmetric stiffness/mass contributions.

 Factoring the system of equations using the symmetric spooles solver
 Using 1 cpu for spooles.

 Using up to 1 cpu(s) for the stress calculation.

line search factor=1.010000

 Using up to 1 cpu(s) for the stress calculation.

 average force= 2.176266
 time avg. forc= 3.023998
 largest residual force= 0.004784 in node 72299 and dof 3
 largest increment of disp= 5.011177e-01
 largest correction to disp= 4.803676e-03 in node 389 and dof 3

 no convergence

 iteration 5

 Number of contact spring elements=328013

 Using up to 1 cpu(s) for the stress calculation.

 Using up to 1 cpu(s) for the symmetric stiffness/mass contributions.

 Factoring the system of equations using the symmetric spooles solver
 Using 1 cpu for spooles.

 Using up to 1 cpu(s) for the stress calculation.

line search factor=1.010000

 Using up to 1 cpu(s) for the stress calculation.

 average force= 2.181391
 time avg. forc= 3.024299
 largest residual force= 0.001078 in node 72299 and dof 3
 largest increment of disp= 5.011177e-01
 largest correction to disp= 1.146969e-03 in node 389 and dof 3

 no convergence

 iteration 6

 Number of contact spring elements=327730

 Using up to 1 cpu(s) for the stress calculation.

 Using up to 1 cpu(s) for the symmetric stiffness/mass contributions.

 Factoring the system of equations using the symmetric spooles solver
 Using 1 cpu for spooles.

 Using up to 1 cpu(s) for the stress calculation.

line search factor=1.010000

 Using up to 1 cpu(s) for the stress calculation.

 average force= 2.182841
 time avg. forc= 3.024384
 largest residual force= 0.000144 in node 72299 and dof 3
 largest increment of disp= 5.011177e-01
 largest correction to disp= 1.193733e-04 in node 459 and dof 3

 convergence; the increment size is increased to 7.500000e-01

 the increment size exceeds the maximum allowed and is decreased to 5.000000e-01

 Using up to 1 cpu(s) for the stress calculation.

 increment 18 attempt 1 
 increment size= 5.000000e-01
 sum of previous increments=8.500000e+00
 actual step time=9.000000e+00
 actual total time=2.350000e+01

 iteration 1

 Number of contact spring elements=243593

 Determining the structure of the matrix:

 Using up to 1 cpu(s) for setting up the structure of the matrix.
 number of equations
 610221
 number of nonzero lower triangular matrix elements
 22254654

 Using up to 1 cpu(s) for the stress calculation.

 Using up to 1 cpu(s) for the symmetric stiffness/mass contributions.

 Factoring the system of equations using the symmetric spooles solver
 Using 1 cpu for spooles.

 Using up to 1 cpu(s) for the stress calculation.

 average force= 2.777515
 time avg. forc= 3.010669
 largest residual force= 0.434122 in node 76171 and dof 3
 largest increment of disp= 5.009513e-01
 largest correction to disp= 1.102898e-01 in node 251 and dof 3

 no convergence

 iteration 2

 Number of contact spring elements=277972

 Using up to 1 cpu(s) for the stress calculation.

 Using up to 1 cpu(s) for the symmetric stiffness/mass contributions.

 Factoring the system of equations using the symmetric spooles solver
 Using 1 cpu for spooles.

 Using up to 1 cpu(s) for the stress calculation.

line search factor=0.479254

 Using up to 1 cpu(s) for the stress calculation.

 average force= 2.523967
 time avg. forc= 2.996583
 largest residual force= 0.378685 in node 59454 and dof 3
 largest increment of disp= 5.009513e-01
 largest correction to disp= 1.578341e-01 in node 536 and dof 3

 no convergence

 iteration 3

 Number of contact spring elements=278531

 Using up to 1 cpu(s) for the stress calculation.

 Using up to 1 cpu(s) for the symmetric stiffness/mass contributions.

 Factoring the system of equations using the symmetric spooles solver
 Using 1 cpu for spooles.

 Using up to 1 cpu(s) for the stress calculation.

line search factor=1.010000

 Using up to 1 cpu(s) for the stress calculation.

 average force= 2.520310
 time avg. forc= 2.996380
 largest residual force= 0.259681 in node 38025 and dof 1
 largest increment of disp= 5.009513e-01
 largest correction to disp= 7.337078e-02 in node 535 and dof 3

 no convergence

 iteration 4

 Number of contact spring elements=278589

 Using up to 1 cpu(s) for the stress calculation.

 Using up to 1 cpu(s) for the symmetric stiffness/mass contributions.

 Factoring the system of equations using the symmetric spooles solver
 Using 1 cpu for spooles.

 Using up to 1 cpu(s) for the stress calculation.

line search factor=1.010000

 Using up to 1 cpu(s) for the stress calculation.

 average force= 2.519848
 time avg. forc= 2.996355
 largest residual force= 0.024365 in node 38037 and dof 1
 largest increment of disp= 5.009513e-01
 largest correction to disp= 2.069543e-02 in node 535 and dof 3

divergence allowed: number of contact elements stabilized
 no convergence

 iteration 5

 Number of contact spring elements=278291

 Using up to 1 cpu(s) for the stress calculation.

 Using up to 1 cpu(s) for the symmetric stiffness/mass contributions.

 Factoring the system of equations using the symmetric spooles solver
 Using 1 cpu for spooles.

 Using up to 1 cpu(s) for the stress calculation.

line search factor=1.010000

 Using up to 1 cpu(s) for the stress calculation.

 average force= 2.521833
 time avg. forc= 2.996465
 largest residual force= 0.003828 in node 70584 and dof 3
 largest increment of disp= 5.009513e-01
 largest correction to disp= 6.531587e-03 in node 535 and dof 3

 no convergence

 iteration 6

 Number of contact spring elements=278049

 Using up to 1 cpu(s) for the stress calculation.

 Using up to 1 cpu(s) for the symmetric stiffness/mass contributions.

 Factoring the system of equations using the symmetric spooles solver
 Using 1 cpu for spooles.

 Using up to 1 cpu(s) for the stress calculation.

line search factor=1.010000

 Using up to 1 cpu(s) for the stress calculation.

 average force= 2.523450
 time avg. forc= 2.996555
 largest residual force= 0.000878 in node 72317 and dof 3
 largest increment of disp= 5.009513e-01
 largest correction to disp= 7.256018e-04 in node 456 and dof 3

 convergence; the increment size is increased to 7.500000e-01

 the increment size exceeds the maximum allowed and is decreased to 5.000000e-01

 Using up to 1 cpu(s) for the stress calculation.

 increment 19 attempt 1 
 increment size= 5.000000e-01
 sum of previous increments=9.000000e+00
 actual step time=9.500000e+00
 actual total time=2.400000e+01

 iteration 1

 Number of contact spring elements=194664

 Determining the structure of the matrix:

 Using up to 1 cpu(s) for setting up the structure of the matrix.
 number of equations
 610221
 number of nonzero lower triangular matrix elements
 22150812

 Using up to 1 cpu(s) for the stress calculation.

 Using up to 1 cpu(s) for the symmetric stiffness/mass contributions.

 Factoring the system of equations using the symmetric spooles solver
 Using 1 cpu for spooles.

 Using up to 1 cpu(s) for the stress calculation.

 average force= 3.307698
 time avg. forc= 3.012931
 largest residual force= 0.987804 in node 65354 and dof 3
 largest increment of disp= 5.016858e-01
 largest correction to disp= 1.322758e-01 in node 399 and dof 3

 no convergence

 iteration 2

 Number of contact spring elements=220440

 Using up to 1 cpu(s) for the stress calculation.

 Using up to 1 cpu(s) for the symmetric stiffness/mass contributions.

 Factoring the system of equations using the symmetric spooles solver
 Using 1 cpu for spooles.

 Using up to 1 cpu(s) for the stress calculation.

line search factor=1.010000

 Using up to 1 cpu(s) for the stress calculation.

 average force= 3.040174
 time avg. forc= 2.998850
 largest residual force= 0.026536 in node 72347 and dof 3
 largest increment of disp= 5.016858e-01
 largest correction to disp= 3.060904e-02 in node 411 and dof 3

 no convergence

 iteration 3

 Number of contact spring elements=219654

 Using up to 1 cpu(s) for the stress calculation.

 Using up to 1 cpu(s) for the symmetric stiffness/mass contributions.

 Factoring the system of equations using the symmetric spooles solver
 Using 1 cpu for spooles.

 Using up to 1 cpu(s) for the stress calculation.

line search factor=1.010000

 Using up to 1 cpu(s) for the stress calculation.

 average force= 3.047760
 time avg. forc= 2.999250
 largest residual force= 0.006995 in node 65639 and dof 3
 largest increment of disp= 5.016858e-01
 largest correction to disp= 1.077168e-02 in node 415 and dof 3

 no convergence

 iteration 4

 Number of contact spring elements=219948

 Using up to 1 cpu(s) for the stress calculation.

 Using up to 1 cpu(s) for the symmetric stiffness/mass contributions.

 Factoring the system of equations using the symmetric spooles solver
 Using 1 cpu for spooles.

 Using up to 1 cpu(s) for the stress calculation.

line search factor=1.010000

 Using up to 1 cpu(s) for the stress calculation.

 average force= 3.044954
 time avg. forc= 2.999102
 largest residual force= 0.000908 in node 72347 and dof 3
 largest increment of disp= 5.016858e-01
 largest correction to disp= 9.194410e-04 in node 437 and dof 3

 no convergence

 iteration 5

 Number of contact spring elements=220010

 Using up to 1 cpu(s) for the stress calculation.

 Using up to 1 cpu(s) for the symmetric stiffness/mass contributions.

 Factoring the system of equations using the symmetric spooles solver
 Using 1 cpu for spooles.

 Using up to 1 cpu(s) for the stress calculation.

line search factor=1.010000

 Using up to 1 cpu(s) for the stress calculation.

 average force= 3.044363
 time avg. forc= 2.999071
 largest residual force= 0.000198 in node 72347 and dof 3
 largest increment of disp= 5.016858e-01
 largest correction to disp= 1.648602e-04 in node 450 and dof 3

 convergence; the increment size is increased to 7.500000e-01

 the increment size exceeds the maximum allowed and is decreased to 5.000000e-01

 the increment size exceeds the remainder of the step and is decreased to 5.000000e-01

 pressure ratio (smallest/largest pressure over all contact areas) =0.000000e+00

 Using up to 1 cpu(s) for the stress calculation.

 increment 20 attempt 1 
 increment size= 5.000000e-01
 sum of previous increments=9.500000e+00
 actual step time=1.000000e+01
 actual total time=2.450000e+01

 iteration 1

 Number of contact spring elements=198179

 Determining the structure of the matrix:

 Using up to 1 cpu(s) for setting up the structure of the matrix.
 number of equations
 610221
 number of nonzero lower triangular matrix elements
 22146375

 Using up to 1 cpu(s) for the stress calculation.

 Using up to 1 cpu(s) for the symmetric stiffness/mass contributions.

 Factoring the system of equations using the symmetric spooles solver
 Using 1 cpu for spooles.

 Using up to 1 cpu(s) for the stress calculation.

 average force= 3.335782
 time avg. forc= 3.015906
 largest residual force= 0.566382 in node 37341 and dof 2
 largest increment of disp= 5.016494e-01
 largest correction to disp= 1.713771e-01 in node 407 and dof 3

 no convergence

 iteration 2

 Number of contact spring elements=235725

 Using up to 1 cpu(s) for the stress calculation.

 Using up to 1 cpu(s) for the symmetric stiffness/mass contributions.

 Factoring the system of equations using the symmetric spooles solver
 Using 1 cpu for spooles.

 Using up to 1 cpu(s) for the stress calculation.

line search factor=1.010000

 Using up to 1 cpu(s) for the stress calculation.

 average force= 2.961220
 time avg. forc= 2.997178
 largest residual force= 0.086124 in node 37317 and dof 2
 largest increment of disp= 5.016494e-01
 largest correction to disp= 3.615226e-02 in node 697 and dof 3

 no convergence

 iteration 3

 Number of contact spring elements=234497

 Using up to 1 cpu(s) for the stress calculation.

 Using up to 1 cpu(s) for the symmetric stiffness/mass contributions.

 Factoring the system of equations using the symmetric spooles solver
 Using 1 cpu for spooles.

 Using up to 1 cpu(s) for the stress calculation.

line search factor=1.010000

 Using up to 1 cpu(s) for the stress calculation.

 average force= 2.972139
 time avg. forc= 2.997724
 largest residual force= 0.017003 in node 72377 and dof 3
 largest increment of disp= 5.016494e-01
 largest correction to disp= 1.138217e-02 in node 403 and dof 3

 no convergence

 iteration 4

 Number of contact spring elements=233668

 Using up to 1 cpu(s) for the stress calculation.

 Using up to 1 cpu(s) for the symmetric stiffness/mass contributions.

 Factoring the system of equations using the symmetric spooles solver
 Using 1 cpu for spooles.

 Using up to 1 cpu(s) for the stress calculation.

line search factor=1.010000

 Using up to 1 cpu(s) for the stress calculation.

 average force= 2.979566
 time avg. forc= 2.998096
 largest residual force= 0.002081 in node 70644 and dof 3
 largest increment of disp= 5.016494e-01
 largest correction to disp= 1.669609e-03 in node 475 and dof 3

 no convergence

 iteration 5

 Number of contact spring elements=233430

 Using up to 1 cpu(s) for the stress calculation.

 Using up to 1 cpu(s) for the symmetric stiffness/mass contributions.

 Factoring the system of equations using the symmetric spooles solver
 Using 1 cpu for spooles.

 Using up to 1 cpu(s) for the stress calculation.

line search factor=1.010000

 Using up to 1 cpu(s) for the stress calculation.

 average force= 2.981706
 time avg. forc= 2.998203
 largest residual force= 0.000398 in node 70644 and dof 3
 largest increment of disp= 5.016494e-01
 largest correction to disp= 2.902180e-04 in node 471 and dof 3

 no convergence

 iteration 6

 Number of contact spring elements=233381

 Using up to 1 cpu(s) for the stress calculation.

 Using up to 1 cpu(s) for the symmetric stiffness/mass contributions.

 Factoring the system of equations using the symmetric spooles solver
 Using 1 cpu for spooles.

 Using up to 1 cpu(s) for the stress calculation.

line search factor=1.010000

 Using up to 1 cpu(s) for the stress calculation.

 average force= 2.982147
 time avg. forc= 2.998225
 largest residual force= 0.000079 in node 70644 and dof 3
 largest increment of disp= 5.016494e-01
 largest correction to disp= 5.746793e-05 in node 472 and dof 3

 convergence; the increment size is increased to 7.500000e-01

 the increment size exceeds the maximum allowed and is decreased to 5.000000e-01

 the increment size exceeds the remainder of the step and is decreased to 0.000000e+00

 pressure ratio (smallest/largest pressure over all contact areas) =-1.269122e-04

 Using up to 1 cpu(s) for the stress calculation.


  The numbers below are estimated upper bounds

  number of:

   nodes:       212086
   elements:       118160
   one-dimensional elements:            0
   two-dimensional elements:            0
   integration points per element:            4
   degrees of freedom per node:            3
   layers per element:            1

   distributed facial loads:            0
   distributed volumetric loads:            0
   concentrated loads:            0
   single point constraints:        51954
   multiple point constraints:            1
   terms in all multiple point constraints:            1
   tie constraints:            1
   dependent nodes tied by cyclic constraints:            0
   dependent nodes in pre-tension constraints:            0

   sets:            5
   terms in all sets:       590994

   materials:            2
   constants per material and temperature:            4
   temperature points per material:            1
   plastic data points per material:            0

   orientations:            0
   amplitudes:            2
   data points in all amplitudes:            2
   print requests:            2
   transformations:            0
   property cards:            0

 *INFO reading *SURFACE BEHAVIOR: the tension
       value at large clearances
       (only relevant for node-to-surface contact)
       must be strictly positive
       the following default will be used:   2.9428571428571431     
       the user is advised to analyze the results
       carefully

 STEP            1

 *INFO reading *STEP: nonlinear geometric
       effects are turned on

 Static analysis was selected

 Newton-Raphson iterative procedure is active

 Nonlinear geometric effects are taken into account


 STEP            2

 *INFO reading *STEP: nonlinear geometric
       effects are turned on

 Static analysis was selected

 Newton-Raphson iterative procedure is active

 Nonlinear geometric effects are taken into account


 Job finished

