
                        S T E P       1


                                INCREMENT     5


 forces (fx,fy,fz) for set NBOT and time  0.3750000E+01

         1  1.889381E-09 -2.934127E-09 -8.622309E-09
         2  6.494347E-10 -1.019475E-08 -3.816462E-09
         3 -4.244416E-05 -6.609182E-05  1.008234E-04
         9  1.633215E-10  7.977080E-09  1.232351E-08
        11  8.470284E-10  2.655032E-08 -2.629613E-09
        12  3.244588E-08 -3.536479E-08 -3.042842E-08
        13  1.475406E-07 -3.462644E-07 -9.221350E-08
        14  1.239271E-07 -6.243658E-07  2.004406E-07
        15 -1.818747E-08 -1.501204E-06  1.239742E-06
        16 -2.960283E-06 -4.239692E-06  1.176964E-05
        17 -1.463297E-05 -1.825308E-05  2.470361E-05
        18 -2.050332E-08  3.601964E-08  6.385539E-08
        19 -2.756004E-07  1.548625E-07  4.824698E-07
        20 -1.648912E-06  9.073733E-07  2.166738E-06
        21 -4.176796E-06  1.260889E-06  5.807959E-06
        22 -1.563652E-05  1.826356E-06  1.771389E-05
        23 -3.805785E-05  2.165450E-05  6.842325E-05
        24 -1.877129E-04 -2.809707E-06  2.256207E-04
        25 -1.724848E-04 -2.902347E-04  3.908868E-04
        26 -5.207135E-04 -9.600164E-04  8.905992E-04
        27 -8.438929E-04 -2.682916E-03  2.411873E-03
       407 -6.158169E-04 -5.944120E-05  7.056077E-04
       408 -2.243776E-03 -5.282558E-04  2.110941E-03
       409 -6.228557E-03 -2.977111E-03  5.727114E-03
       410 -1.974581E-02 -1.335657E-02  1.739675E-02
       849 -3.682826E-09 -3.624638E-08 -4.310720E-08
       850  1.406361E-06 -2.194999E-06 -8.600150E-07
       851  9.667762E-06 -6.606996E-06 -1.792415E-06
       852  4.866298E-05 -1.140273E-05 -1.296983E-06
       853  1.473898E-04  2.468401E-05  2.390857E-05
       854  3.566075E-04  1.464443E-04  1.293722E-04
       855  6.904707E-05 -3.036274E-04 -3.646011E-04
       856  1.758200E-03 -5.263075E-03 -8.402814E-03
       857  4.602764E-03 -2.193576E-02 -6.156630E-02
       858 -8.033210E-03 -6.173417E-02 -1.729408E-01
       859 -1.933018E-01 -1.247893E-01 -1.857435E-01
       860 -1.754360E+00 -1.031764E+00  8.551926E-01
       861 -7.635626E-01 -4.655754E-01  2.415163E+00
       862  1.158208E+01  7.511029E+00 -8.541230E+00
       863 -5.097076E+00 -1.505219E+01  1.021644E+01
       864 -2.964426E+00 -5.498902E+00  1.806891E+00
       865  1.587157E-01  2.991973E-01 -1.093345E+00
       866  5.332320E-01  1.181029E-01  4.851178E-02
       867  1.283320E-01  1.029173E-01  3.209266E-01
       868  4.560367E-02 -8.593492E-02  2.170024E-01
       869  1.222497E-01  1.285842E-01 -3.622983E-02
       870  1.419925E-02  1.825425E-02 -3.466919E-02
       871  1.047749E-02  8.274474E-03 -1.755791E-02
       872  3.064630E-03  1.789061E-03 -3.491557E-03
       873  0.000000E+00  0.000000E+00  0.000000E+00
       874  0.000000E+00  0.000000E+00  0.000000E+00
       875  0.000000E+00  0.000000E+00  0.000000E+00
       876  2.798042E-09  4.465641E-10  1.789869E-08
       877  1.666873E-07  4.512732E-07  7.759164E-07
       878 -6.485762E-07  7.734350E-06  7.175354E-06
       879 -9.436985E-06  4.231810E-05  3.964357E-05
       880 -9.212250E-05  1.703248E-04  1.750169E-04
       881 -4.336879E-04  4.937308E-04  4.909749E-04
       882 -1.545197E-03  6.201486E-04  5.163205E-04
       883 -2.882119E-03 -2.662113E-03 -4.911505E-03
       884 -1.040026E-02 -2.392484E-02 -3.967931E-02
       885 -7.782706E-02 -1.212301E-01 -1.392005E-01
       886 -4.227496E-01 -3.601739E-01 -7.265383E-02
       887 -1.561657E+00 -1.001605E+00  1.310682E+00
       888 -3.259631E+00 -2.139962E+00  5.944346E+00
       889  1.997249E+00  3.588618E-01 -4.519726E+00
       890 -1.337804E+00  9.283032E+00 -4.902843E+00
       891 -4.759705E-01 -8.279078E-01 -2.299087E+00
       892 -3.445721E-02 -5.719036E-01  1.338658E+00
       893  6.941469E-01  4.493003E-01 -1.537107E+00
       894  2.345305E-01 -4.877729E-01  5.315937E-01
       895  2.022097E-02 -6.529187E-02 -6.442572E-03
       896  7.647945E-03  2.096095E-02 -3.090837E-02
       897  5.746778E-03  7.888351E-03 -1.415154E-02
       898  2.493183E-03  2.146418E-03 -3.969645E-03
       899  7.735409E-04  4.731737E-04 -8.133774E-04
       900  0.000000E+00  0.000000E+00  0.000000E+00
       901  0.000000E+00  0.000000E+00  0.000000E+00
       902  0.000000E+00  0.000000E+00  0.000000E+00
       903  0.000000E+00  0.000000E+00  0.000000E+00
       904  7.796127E-09  2.787110E-09 -1.342190E-08
       905 -5.974614E-10 -1.225701E-10 -2.846962E-10
       906  9.250403E-09  9.091397E-09  1.968929E-08
      1014 -6.279522E+00  6.921909E+01 -7.842499E+01
      1129 -6.247555E+00 -3.106717E+00  1.040656E+01
      1245 -8.355503E+00 -4.870474E+01  8.724192E+01
      1273 -1.375723E+00  3.456842E-01 -3.036786E+00
      1555 -9.119168E-01  6.716025E+00 -5.244918E+00
      3181  0.000000E+00  0.000000E+00  0.000000E+00
      3215  0.000000E+00  0.000000E+00  0.000000E+00
      3216  0.000000E+00  0.000000E+00  0.000000E+00
      3220  0.000000E+00  0.000000E+00  0.000000E+00
      3221  0.000000E+00  0.000000E+00  0.000000E+00
      3225  1.212028E-03  8.821050E-04 -1.467766E-03
      3226 -1.196767E-02 -6.772274E-03  1.320510E-02
      3230 -1.581077E-02 -1.611206E-02  3.748273E-02
      3231 -3.047724E-02 -2.326729E-02  4.755333E-02
      3235 -3.380409E-02 -4.539733E-02  9.151731E-02
      3236 -3.215978E-02 -5.037881E-02  8.928897E-02
      3240 -1.700274E-01 -3.392807E-01  2.600868E-01
      3241 -7.868879E-02 -2.183501E-01  2.012734E-01
      3245 -1.864284E-01 -5.567645E-01  5.574935E-01
      3250 -2.215003E-01 -1.399466E+00  1.034210E+00
      3269  3.604649E-01  2.825985E+00 -5.595953E+00
      3275  7.411713E+00  1.321898E+01 -1.541560E+01
      3277  4.526883E+00  9.025703E+00 -1.059158E+01
      5644 -2.072924E+01 -1.534991E+01  2.832812E+01
      5645 -8.708818E+00 -3.862257E+00  1.520182E+01
      5649  7.018783E+00 -1.593976E+01  1.783232E+01
      5650 -2.040093E+01 -1.571125E+01  2.599025E+01
      5652  4.428928E+00  1.805094E+01 -2.733635E+01
      5653  8.117255E+00  2.407480E+01 -4.103357E+01
      5654 -4.037704E+00  3.997464E+00 -8.002544E+00
      5655 -3.326324E+00  1.672801E+01 -4.886438E+01
      5656 -2.334325E+00 -2.683637E-01  4.361596E+00
      5657  1.175192E+00  4.858229E-01 -1.537599E+00
      5658 -1.842812E+01 -1.172718E+01  4.592380E+01
      5924  6.253434E+00  4.564303E+01 -7.653731E+01
      5925  4.799655E+00  6.191622E+00 -4.215358E+01
      6030 -6.332162E+00  2.797660E-01 -1.994130E+00
      6031 -8.315269E+00  8.225473E+00 -1.190189E+01
      6032 -1.481555E+01  6.026841E+00  4.003042E+00
      6033  4.541693E+01  1.145931E+01 -7.494593E+01
      6402 -6.028326E+00  2.956272E+00  9.687864E+00
      6688 -4.690273E+01 -9.567696E+01  2.163185E+02
      6869  1.470017E+02  2.234905E+01 -4.876056E+01
      6875 -1.324490E+01 -1.192864E+00  4.002179E+01
      6964 -1.552613E+01 -1.901776E+01  6.110900E+01
     10794 -1.898057E-09  1.993046E-08  1.592451E-08
     10795  1.470054E-09  2.104155E-08  1.263820E-08
     10796 -3.835372E-05 -1.609732E-05  3.275359E-05
     10797 -4.311162E-05 -1.639401E-04  1.858129E-04
     10798 -6.733172E-07 -3.089006E-07 -7.686614E-07
     10799 -1.981796E-03  1.900809E-04  8.437619E-04
     10800 -7.437874E-06 -1.225584E-06 -7.214891E-06
     10801  1.240052E-07  9.965378E-08 -8.594938E-08
     10802 -3.679601E-03 -4.578972E-03 -4.738857E-03
     10803  1.623494E-05 -4.613230E-05 -2.620546E-05
     10804 -4.006640E-02 -4.934036E-02 -2.507564E-03
     10805 -1.114011E-01 -1.394394E-01  1.438010E-03
     10806 -1.878373E-01 -1.551086E-01  1.883446E-01
     10807  8.965520E-08 -1.791229E-07 -2.156872E-08
     10808 -1.047276E+00 -1.185841E-01  4.348957E-01
     10809  1.565886E-04 -4.087401E-05  9.051635E-06
     10810  1.402324E-03 -2.028983E-03 -9.921910E-04
     10811  1.613283E-02  1.628750E-03 -8.351601E-04
     10812 -1.176388E-06 -1.118860E-06 -5.320569E-08
     10813  1.735159E-04 -1.428723E-04 -7.246572E-05
     10814 -3.133916E-05  3.853745E-06  1.247910E-05
     10815 -3.371846E-07  1.172021E-08  3.948153E-08
     10816 -2.588477E-07  5.446678E-08  4.172725E-08
     10817  8.183875E-05  3.501337E-05 -1.544654E-05
     10818  1.220916E-05  6.542685E-06 -1.366831E-05
     10819 -4.334974E-05  1.518182E-04  1.145917E-04
     10820  1.723294E-06 -2.602406E-07 -1.819823E-06
     10821 -3.938013E-04 -1.321404E-05  8.776899E-04
     10822  1.037198E-06 -3.733627E-06  8.028866E-07
     10823  8.101617E-02  2.030879E-01  3.248939E-02
     10824 -6.967444E+00  8.223481E-01  3.245446E+00
     10825  4.167314E-02  4.522480E-02  4.015024E-03
     10826 -3.123230E-03 -3.095179E-03  2.459967E-03
     10827 -1.535782E-07 -1.603955E-08 -1.762992E-07
     10828  6.719185E-07 -1.285377E-05 -7.407019E-06
     10829  2.282248E-08  1.338198E-07  1.588692E-07
     10830  1.046376E-09  3.269820E-08  3.182937E-08
     10831  4.745719E-09  2.087404E-08  3.503878E-09
     10832 -3.060362E-08  1.133237E-07  7.636993E-08
     10833 -3.996718E-07  5.835152E-07  4.277333E-07
     10834  4.291090E-09  1.644320E-09  7.847971E-09
     10835 -2.280839E-04  8.012280E-05  2.059928E-04
     10836 -3.491743E-04  1.287357E-04  2.824998E-04
     10837 -6.627638E-04  2.290588E-04  5.226436E-04
     10838  0.000000E+00  0.000000E+00  0.000000E+00
     10839 -2.907025E-04  9.934761E-05  2.043623E-04
     10840 -8.213825E-07  1.208611E-06  1.035302E-06
     10841 -3.476959E-06  2.855851E-06  3.338189E-06
     10842 -5.083487E-06  4.594313E-06  3.812575E-06
     10843 -2.505019E-06  3.345414E-06  2.196342E-06
     10844 -6.103769E-07  1.109774E-06  9.371003E-07
     10845 -3.086791E-06  4.066867E-06  2.962716E-06
     10846 -6.604881E-06  3.358772E-06  6.326389E-06
     10847 -1.143290E-05  6.620227E-06  9.564249E-06
     10848 -5.017895E-06  4.652376E-06  4.362915E-06
     10849 -2.008747E-05  1.041011E-05  1.784244E-05
     10850 -4.024107E-05  2.251444E-05  4.036015E-05
     10851 -1.097593E-05  7.596319E-06  8.210162E-06
     10852 -3.338213E-05  4.469245E-05  3.063581E-05
     10853 -1.606162E-04  7.373247E-05  1.441029E-04
     10854 -5.805182E-06  1.234627E-05  1.704787E-05
     10855 -6.736819E-05  7.128592E-05  1.012549E-04
     10856 -4.060750E-05  3.171388E-05  3.538016E-05
     10857 -1.386145E-04  7.933001E-05  1.220487E-04
     10858 -2.545698E-06  1.005814E-05  6.020352E-06
     10859 -6.131492E-07  1.633768E-06  1.142430E-06
     10860 -1.077956E-07  4.028031E-09  3.170285E-07
     10861  6.458602E-07 -4.506057E-07 -7.686275E-08
     10862 -8.665057E-07  2.445272E-06  1.919123E-06
     10863 -2.923643E-05  5.409219E-05  3.330189E-05
     10864 -6.271299E-06  1.913911E-05  1.240124E-05
     10865 -9.103001E-06  1.626620E-05  1.069354E-05
     10866 -1.845332E-04  2.092929E-04  1.385963E-04
     10867 -4.866170E-05  9.416368E-05  6.492619E-05
     10868 -4.957458E-05  7.178398E-05  5.042816E-05
     10869 -8.367802E-04  6.596409E-04  5.216575E-04
     10870 -2.779097E-04  3.357552E-04  2.735988E-04
     10871 -2.753905E-04  2.611249E-04  2.309603E-04
     10872 -2.612727E-03  1.445829E-03  1.293426E-03
     10873 -1.116778E-03  8.810794E-04  8.397012E-04
     10874 -1.406470E-03  8.547156E-04  8.937618E-04
     10875 -4.221666E-03  1.703193E-03  8.273789E-04
     10876 -3.035152E-03  1.328580E-03  1.415978E-03
     10877 -3.873348E-03  1.405159E-03  2.000336E-03
     10878 -9.776032E-03 -3.173551E-04 -6.994182E-04
     10879 -2.543567E-02 -1.724777E-02 -1.270415E-02
     10880 -1.791962E-02 -9.608427E-04 -9.507952E-04
     10881 -1.165460E-02 -1.516903E-03  2.416088E-03
     10882 -1.721612E-01 -1.924307E-01  1.158161E-01
     10883 -1.689395E-01 -1.259780E-01  1.084952E-02
     10884 -9.500994E-02 -3.849672E-02  5.343335E-02
     10885 -6.994027E-02 -6.544890E-02  2.948516E-02
     10886 -3.295988E-02 -1.719730E-02  8.200529E-03
     10887 -5.352219E-01 -6.708433E-01  4.856154E-01
     10888 -5.950021E-01 -4.957839E-01  2.440118E-01
     10889 -1.336473E-01 -2.211464E-01  8.587633E-02
     10890 -3.855615E-01 -9.812057E-01  7.687795E-01
     10891 -1.278840E+00 -1.429871E+00  1.065336E+00
     10892 -3.452047E-01 -9.913135E-01  4.823288E-01
     10893  7.084804E-02 -1.654447E+00 -4.103372E-01
     10894 -1.307639E+00 -2.853206E+00  1.703289E+00
     10895 -9.522483E-03 -1.821922E+00  9.443361E-01
     10896  4.255449E+00 -2.818919E+00  1.512382E+00
     10897  2.156428E+00  7.481760E-01 -1.212259E-01
     10898 -1.356675E-01 -1.834929E+00  1.461209E+00
     10899 -2.315169E-01  1.228828E+00 -4.418924E-01
     10900  5.668455E-01 -4.232053E+00  9.008914E-01
     10901  1.670602E+00  2.608930E-01 -3.491839E-01
     10902  1.002799E+00 -1.041936E-01 -6.378246E-01
     10903  6.857624E-02 -1.107409E+00  4.957174E-01
     10904  2.808225E-01 -5.208967E-01 -2.035804E-02
     10905 -1.685807E-01 -7.794686E-01  1.865907E-01
     10906 -9.736369E-02 -1.922179E-01  4.610430E-02
     10907 -3.601494E-01 -6.892515E-01  5.459963E-01
     10908  7.193772E-02  8.293164E-04  1.409777E-02
     10909 -1.653560E-01 -2.308564E-01  2.224162E-01
     10910 -1.623298E-02 -1.431521E-01  1.212287E-01
     10911 -6.919215E-03 -9.579276E-03  1.895740E-02
     10912 -8.882949E-02 -5.240126E-02  1.667629E-01
     10913 -1.093680E-01 -1.267822E-01  6.487880E-02
     10914 -1.316909E-01 -1.519135E-01  1.018747E-01
     10915 -6.643299E-02 -5.337962E-02  5.761991E-02
     10916  3.766752E-03  2.374535E-03 -5.194450E-03
     10917  1.148703E-03  5.674749E-04 -1.013419E-03
     10918 -3.619126E-03 -2.840831E-03  8.115566E-03
     10919  3.572310E-03  2.202257E-03 -4.851558E-03
     10920 -2.795105E-02 -1.294844E-02  2.037834E-02
     10921 -6.470429E-02 -3.375409E-02  4.921836E-02
     10922  0.000000E+00  0.000000E+00  0.000000E+00
     10923  1.508726E-03  7.565820E-04 -1.893719E-03
     10924  1.425066E-03  6.951655E-04 -1.252070E-03
     10925 -1.357467E-02 -1.865641E-03  9.924947E-03
     10926 -1.702778E-02  8.234239E-04  1.564289E-02
     10927  0.000000E+00  0.000000E+00  0.000000E+00
     10928  0.000000E+00  0.000000E+00  0.000000E+00
     10929  0.000000E+00  0.000000E+00  0.000000E+00
     10930 -4.682959E-03  9.430711E-04  3.134144E-03
     10931  0.000000E+00  0.000000E+00  0.000000E+00
     10932 -1.998037E-03  6.769247E-04  1.441490E-03
     10933 -1.035630E-03  2.646649E-04  6.599727E-04
     10934  5.914026E-08  2.129683E-07  2.843254E-07
     10935 -1.629888E-04  1.029683E-04  1.263706E-04
     10936 -1.636929E-04  1.193567E-04  9.304462E-05
     10937 -2.131868E-04  1.996581E-04  1.769385E-04
     10938 -2.453348E-04  1.309490E-04  1.339351E-04
     10939 -3.392312E-04  1.789569E-04  1.892000E-04
     10940 -4.069765E-04  2.468332E-04  2.144729E-04
     10941 -7.826910E-04  4.076651E-04  4.543518E-04
     10942 -5.155245E-03  9.905512E-04  2.916665E-03
     10943 -2.891841E-03  6.407287E-04  1.803258E-03
     10944 -4.690492E-03  1.235417E-03  2.630301E-03
     10945 -8.911853E-03 -1.147520E-05  3.709433E-03
     10946 -2.655944E-03  7.577697E-04  1.246866E-03
     10947 -2.710262E-03  8.691414E-04  1.518586E-03
     10948 -1.309049E-05  1.359676E-05  1.101120E-05
     10949 -1.398480E-05  1.660627E-05  1.359606E-05
     10950 -2.962384E-05  3.110340E-05  2.082917E-05
     10951 -7.718641E-06  6.745881E-06  5.080360E-06
     10952 -4.536935E-06  4.891562E-06  4.751254E-06
     10953 -4.781603E-06  6.490261E-06  3.970861E-06
     10954 -7.781951E-06  1.219259E-05  7.281146E-06
     10955 -1.123833E-02 -7.588092E-04  4.421449E-03
     10956 -1.412878E-02 -1.235655E-03  7.795251E-03
     10957 -2.558202E-02 -1.064697E-02  8.392907E-03
     10958 -7.554070E-05  7.591986E-05  6.084041E-05
     10959 -4.151690E-05  5.088526E-05  3.739677E-05
     10960 -2.159616E-03  8.900940E-04  1.210802E-03
     10961 -1.053367E-03  6.359337E-04  6.941451E-04
     11110 -1.413920E+01 -5.789958E+00  5.827342E+00
     11249  9.792972E-01  4.226793E+00 -3.613215E+00
     14467 -4.536962E-01 -5.442149E-01  1.988616E-01
     14547 -4.249063E-02 -1.696049E-02  3.061955E-02
     14550 -2.500014E-01 -1.968118E-01  1.028981E-01
     14557 -5.121414E-02 -1.341511E-02  2.350117E-02
     14585 -1.033470E-01 -1.019778E-01  9.540109E-02
     14586 -1.213348E-01 -5.234976E-02  5.010592E-02
     14623 -1.378530E-02  3.103033E-04  9.918412E-03
     14624 -2.156375E-02 -1.026530E-03  1.759315E-02
     14632 -2.152160E-03  6.818212E-04  1.181107E-03
     14640 -5.212426E-02 -3.042948E-02  2.975430E-02
     14643 -5.931980E-03  9.909284E-04  3.428426E-03
     14644 -6.832513E-09 -1.623799E-08  3.111802E-08
     14648 -3.638357E-04  1.917798E-04  8.202991E-05
     14650 -8.320776E-03 -6.917490E-04  5.997174E-03
     14651 -4.895796E-04  1.854773E-04  9.208918E-05
     14660 -2.957598E-03  2.481223E-04  2.082937E-03
     14662 -1.430626E-07  5.854055E-07  6.241663E-08
     14680 -1.089833E-08  2.721278E-09  1.760278E-08
     14699 -3.647289E-06  1.245591E-05  1.017230E-06
     14700 -5.303726E-07  3.876287E-06  1.077607E-06
     14701  2.400092E-07  3.247312E-08 -1.362638E-08
     14712 -5.033838E-07  1.716509E-06  6.196748E-07
     14713  1.390091E-08  1.163964E-07  1.837886E-08
     14714  1.701745E-08  1.739470E-08  1.854659E-08
     14718 -3.775343E-08  2.811284E-07 -3.599632E-08
     14721 -2.845983E-08  7.481865E-07 -1.268044E-08
     14748 -1.375647E-03  3.344261E-04  8.930320E-04

 total force (fx,fy,fz) for set NBOT and time  0.3750000E+01

        1.632466E+00  6.048665E-01  8.544183E+01

                                INCREMENT    10


 forces (fx,fy,fz) for set NBOT and time  0.8750000E+01

         1  4.442111E-09 -6.899458E-09 -2.027577E-08
         2  1.526963E-09 -2.397372E-08 -8.974595E-09
         3 -9.989682E-05 -1.554467E-04  2.372650E-04
         9  3.853933E-10  1.875701E-08  2.897922E-08
        11  1.991883E-09  6.243544E-08 -6.183898E-09
        12  7.629898E-08 -8.316627E-08 -7.155018E-08
        13  3.469273E-07 -8.142866E-07 -2.168591E-07
        14  2.914799E-07 -1.468387E-06  4.712313E-07
        15 -4.280626E-08 -3.530859E-06  2.915600E-06
        16 -6.966687E-06 -9.972373E-06  2.769050E-05
        17 -3.444231E-05 -4.292510E-05  5.813878E-05
        18 -4.821548E-08  8.470231E-08  1.501596E-07
        19 -6.480930E-07  3.641641E-07  1.134557E-06
        20 -3.877591E-06  2.133868E-06  5.095394E-06
        21 -9.823168E-06  2.965715E-06  1.365975E-05
        22 -3.678168E-05  4.295184E-06  4.166801E-05
        23 -8.951993E-05  5.093526E-05  1.609625E-04
        24 -4.415438E-04 -6.736169E-06  5.307922E-04
        25 -4.054637E-04 -6.823304E-04  9.195119E-04
        26 -1.222380E-03 -2.255351E-03  2.092962E-03
        27 -1.981018E-03 -6.295201E-03  5.659118E-03
       407 -1.447928E-03 -1.404230E-04  1.659556E-03
       408 -5.271778E-03 -1.243466E-03  4.960964E-03
       409 -1.462104E-02 -6.989456E-03  1.344319E-02
       410 -4.630576E-02 -3.130906E-02  4.078777E-02
       849 -8.656895E-09 -8.523579E-08 -1.013818E-07
       850  3.306700E-06 -5.160806E-06 -2.021744E-06
       851  2.273539E-05 -1.553304E-05 -4.211228E-06
       852  1.144942E-04 -2.682519E-05 -3.108997E-06
       853  3.469597E-04  5.815446E-05  5.578283E-05
       854  8.399774E-04  3.465138E-04  3.024681E-04
       855  1.566841E-04 -6.880553E-04 -8.347669E-04
       856  4.059931E-03 -1.222202E-02 -1.954283E-02
       857  1.075632E-02 -5.110425E-02 -1.436126E-01
       858 -1.853534E-02 -1.443372E-01 -4.042765E-01
       859 -4.497726E-01 -2.926906E-01 -4.378358E-01
       860 -4.090214E+00 -2.410527E+00  1.978921E+00
       861 -1.776156E+00 -1.088465E+00  5.615906E+00
       862  2.699574E+01  1.758849E+01 -1.990218E+01
       863 -1.184768E+01 -3.494601E+01  2.372787E+01
       864 -6.831281E+00 -1.270643E+01  4.182325E+00
       865  3.658285E-01  6.844083E-01 -2.509977E+00
       866  1.223453E+00  2.518744E-01  1.430590E-01
       867  2.983717E-01  2.397955E-01  7.602410E-01
       868  1.071333E-01 -2.015799E-01  5.090214E-01
       869  2.878134E-01  3.012633E-01 -8.515972E-02
       870  3.331927E-02  4.275599E-02 -8.119798E-02
       871  2.457166E-02  1.938024E-02 -4.112945E-02
       872  7.184285E-03  4.192598E-03 -8.180002E-03
       873  0.000000E+00  0.000000E+00  0.000000E+00
       874  0.000000E+00  0.000000E+00  0.000000E+00
       875  0.000000E+00  0.000000E+00  0.000000E+00
       876  6.580103E-09  1.051973E-09  4.208771E-08
       877  3.919064E-07  1.061118E-06  1.824518E-06
       878 -1.525764E-06  1.818371E-05  1.686860E-05
       879 -2.220865E-05  9.946025E-05  9.314980E-05
       880 -2.168157E-04  4.001789E-04  4.111402E-04
       881 -1.021474E-03  1.161201E-03  1.154473E-03
       882 -3.647893E-03  1.476463E-03  1.240590E-03
       883 -6.847763E-03 -6.129918E-03 -1.134648E-02
       884 -2.459710E-02 -5.570867E-02 -9.235463E-02
       885 -1.823403E-01 -2.830864E-01 -3.250328E-01
       886 -9.869520E-01 -8.425578E-01 -1.739039E-01
       887 -3.642740E+00 -2.344850E+00  3.039298E+00
       888 -7.607489E+00 -5.013015E+00  1.383350E+01
       889  4.661955E+00  8.496772E-01 -1.053033E+01
       890 -3.138760E+00  2.159005E+01 -1.136530E+01
       891 -1.129019E+00 -1.981419E+00 -5.271735E+00
       892 -7.864282E-02 -1.320070E+00  3.097796E+00
       893  1.598490E+00  9.966824E-01 -3.502223E+00
       894  5.302707E-01 -1.163904E+00  1.282330E+00
       895  4.595723E-02 -1.529857E-01 -1.492514E-02
       896  1.807166E-02  4.914635E-02 -7.240042E-02
       897  1.349487E-02  1.847634E-02 -3.313100E-02
       898  5.847501E-03  5.027040E-03 -9.296980E-03
       899  1.813453E-03  1.108815E-03 -1.905378E-03
       900  0.000000E+00  0.000000E+00  0.000000E+00
       901  0.000000E+00  0.000000E+00  0.000000E+00
       902  0.000000E+00  0.000000E+00  0.000000E+00
       903  0.000000E+00  0.000000E+00  0.000000E+00
       904  1.833300E-08  6.554237E-09 -3.156326E-08
       905 -1.404945E-09 -2.882852E-10 -6.695514E-10
       906  2.175305E-08  2.137904E-08  4.630103E-08
      1014 -1.470832E+01  1.612054E+02 -1.828284E+02
      1129 -1.451935E+01 -7.255275E+00  2.427091E+01
      1245 -1.910790E+01 -1.139439E+02  2.037206E+02
      1273 -3.249062E+00  8.220246E-01 -7.083046E+00
      1555 -2.142036E+00  1.571411E+01 -1.220188E+01
      3181  0.000000E+00  0.000000E+00  0.000000E+00
      3215  0.000000E+00  0.000000E+00  0.000000E+00
      3216  0.000000E+00  0.000000E+00  0.000000E+00
      3220  0.000000E+00  0.000000E+00  0.000000E+00
      3221  0.000000E+00  0.000000E+00  0.000000E+00
      3225  2.841069E-03  2.067253E-03 -3.439507E-03
      3226 -2.805531E-02 -1.587080E-02  3.093671E-02
      3230 -3.707853E-02 -3.774088E-02  8.782936E-02
      3231 -7.148303E-02 -5.449169E-02  1.113709E-01
      3235 -7.928428E-02 -1.063119E-01  2.143678E-01
      3236 -7.552598E-02 -1.179883E-01  2.090643E-01
      3240 -3.996783E-01 -7.952688E-01  6.096801E-01
      3241 -1.859140E-01 -5.111137E-01  4.716187E-01
      3245 -4.401093E-01 -1.306922E+00  1.308337E+00
      3250 -5.478281E-01 -3.298953E+00  2.437313E+00
      3269  8.233534E-01  6.502674E+00 -1.294024E+01
      3275  1.717317E+01  3.055604E+01 -3.575862E+01
      3277  1.050143E+01  2.087952E+01 -2.453519E+01
      5644 -4.832353E+01 -3.589497E+01  6.602837E+01
      5645 -2.031495E+01 -9.085683E+00  3.537096E+01
      5649  1.629044E+01 -3.723855E+01  4.169083E+01
      5650 -4.759141E+01 -3.685136E+01  6.061606E+01
      5652  1.026572E+01  4.185466E+01 -6.347301E+01
      5653  1.881943E+01  5.578111E+01 -9.528387E+01
      5654 -9.415243E+00  9.152119E+00 -1.844525E+01
      5655 -7.801696E+00  3.880159E+01 -1.135879E+02
      5656 -5.478648E+00 -7.665581E-01  1.032789E+01
      5657  2.702437E+00  9.866598E-01 -3.388076E+00
      5658 -4.295287E+01 -2.763842E+01  1.071234E+02
      5924  1.442348E+01  1.061795E+02 -1.782037E+02
      5925  1.107670E+01  1.433855E+01 -9.798617E+01
      6030 -1.474550E+01  5.308516E-01 -4.461302E+00
      6031 -1.939562E+01  1.894423E+01 -2.742382E+01
      6032 -3.460787E+01  1.380994E+01  9.756553E+00
      6033  1.057154E+02  2.703318E+01 -1.746296E+02
      6402 -1.411618E+01  6.790432E+00  2.273338E+01
      6688 -1.084409E+02 -2.228029E+02  5.032088E+02
      6869  3.431832E+02  5.688160E+01 -1.181811E+02
      6875 -3.080614E+01 -3.081041E+00  9.359782E+01
      6964 -3.612973E+01 -4.463212E+01  1.425435E+02
     10794 -4.463606E-09  4.686828E-08  3.744880E-08
     10795  3.456985E-09  4.948094E-08  2.971964E-08
     10796 -9.032145E-05 -3.805430E-05  7.702034E-05
     10797 -1.027975E-04 -3.863135E-04  4.372785E-04
     10798 -1.583713E-06 -7.262426E-07 -1.807594E-06
     10799 -4.660630E-03  4.466378E-04  1.985033E-03
     10800 -1.748720E-05 -2.879805E-06 -1.696459E-05
     10801  2.916076E-07  2.342376E-07 -2.021591E-07
     10802 -8.637645E-03 -1.069273E-02 -1.095827E-02
     10803  3.854893E-05 -1.084375E-04 -6.173293E-05
     10804 -9.362659E-02 -1.153928E-01 -5.698698E-03
     10805 -2.578790E-01 -3.264346E-01  2.658729E-03
     10806 -4.402808E-01 -3.683912E-01  4.420591E-01
     10807  2.108236E-07 -4.212254E-07 -5.071325E-08
     10808 -2.444975E+00 -2.845448E-01  1.020548E+00
     10809  3.682958E-04 -9.616769E-05  2.127668E-05
     10810  3.295597E-03 -4.759897E-03 -2.324777E-03
     10811  3.786777E-02  3.791280E-03 -1.951506E-03
     10812 -2.766356E-06 -2.631377E-06 -1.265629E-07
     10813  4.083788E-04 -3.350230E-04 -1.692369E-04
     10814 -7.372895E-05  8.857973E-06  2.918982E-05
     10815 -7.930259E-07  2.750846E-08  9.283634E-08
     10816 -6.086959E-07  1.280824E-07  9.810577E-08
     10817  1.926124E-04  8.247782E-05 -3.649355E-05
     10818  2.866114E-05  1.537005E-05 -3.220634E-05
     10819 -1.052050E-04  3.598210E-04  2.686088E-04
     10820  4.055333E-06 -6.112729E-07 -4.278905E-06
     10821 -9.172253E-04 -2.729208E-05  2.042068E-03
     10822  2.438827E-06 -8.779245E-06  1.888249E-06
     10823  1.903369E-01  4.760472E-01  7.638136E-02
     10824 -1.629145E+01  1.886934E+00  7.582937E+00
     10825  9.785700E-02  1.057940E-01  9.259832E-03
     10826 -7.293549E-03 -7.223504E-03  5.750546E-03
     10827 -3.611341E-07 -3.769112E-08 -4.147109E-07
     10828  1.574710E-06 -3.026259E-05 -1.745062E-05
     10829  5.366387E-08  3.146553E-07  3.735649E-07
     10830  2.461704E-09  7.688653E-08  7.484709E-08
     10831  1.115996E-08  4.908692E-08  8.239980E-09
     10832 -7.196384E-08  2.664903E-07  1.795906E-07
     10833 -9.398495E-07  1.372205E-06  1.005845E-06
     10834  1.009079E-08  3.866839E-09  1.845522E-08
     10835 -5.364286E-04  1.882693E-04  4.845390E-04
     10836 -8.211880E-04  3.024425E-04  6.644817E-04
     10837 -1.558111E-03  5.378473E-04  1.228883E-03
     10838  0.000000E+00  0.000000E+00  0.000000E+00
     10839 -6.836822E-04  2.334321E-04  4.806546E-04
     10840 -1.931477E-06  2.842157E-06  2.434580E-06
     10841 -8.176460E-06  6.716194E-06  7.850263E-06
     10842 -1.195479E-05  1.080515E-05  8.966095E-06
     10843 -5.890634E-06  7.867357E-06  5.164920E-06
     10844 -1.435291E-06  2.609720E-06  2.203636E-06
     10845 -7.258420E-06  9.563702E-06  6.967088E-06
     10846 -1.553356E-05  7.899827E-06  1.487866E-05
     10847 -2.688924E-05  1.557044E-05  2.249439E-05
     10848 -1.180030E-05  1.094132E-05  1.026062E-05
     10849 -4.724652E-05  2.448577E-05  4.196771E-05
     10850 -9.465281E-05  5.294963E-05  9.493315E-05
     10851 -2.581413E-05  1.786525E-05  1.930955E-05
     10852 -7.851571E-05  1.051045E-04  7.206836E-05
     10853 -3.777576E-04  1.733528E-04  3.389231E-04
     10854 -1.365678E-05  2.903009E-05  4.009591E-05
     10855 -1.584707E-04  1.676040E-04  2.381510E-04
     10856 -9.551031E-05  7.457818E-05  8.321039E-05
     10857 -3.261280E-04  1.864423E-04  2.870332E-04
     10858 -5.984707E-06  2.364930E-05  1.415487E-05
     10859 -1.441611E-06  3.841411E-06  2.686290E-06
     10860 -2.534576E-07  9.470705E-09  7.453964E-07
     10861  1.518780E-06 -1.059623E-06 -1.807259E-07
     10862 -2.037528E-06  5.750249E-06  4.513086E-06
     10863 -6.874925E-05  1.271734E-04  7.828586E-05
     10864 -1.474394E-05  4.499636E-05  2.915542E-05
     10865 -2.140432E-05  3.824706E-05  2.514296E-05
     10866 -4.341592E-04  4.920124E-04  3.258414E-04
     10867 -1.144574E-04  2.213496E-04  1.526014E-04
     10868 -1.165944E-04  1.687680E-04  1.185622E-04
     10869 -1.970644E-03  1.550898E-03  1.227477E-03
     10870 -6.544135E-04  7.894086E-04  6.431153E-04
     10871 -6.479333E-04  6.138022E-04  5.431490E-04
     10872 -6.163291E-03  3.401562E-03  3.054152E-03
     10873 -2.634013E-03  2.073171E-03  1.976130E-03
     10874 -3.311095E-03  2.009034E-03  2.103716E-03
     10875 -1.001657E-02  4.017196E-03  2.024642E-03
     10876 -7.183061E-03  3.142488E-03  3.362729E-03
     10877 -9.126642E-03  3.308981E-03  4.720186E-03
     10878 -2.307746E-02 -6.819888E-04 -1.481501E-03
     10879 -6.001573E-02 -4.016306E-02 -2.933046E-02
     10880 -4.222786E-02 -2.183974E-03 -1.994413E-03
     10881 -2.747413E-02 -3.480469E-03  5.791680E-03
     10882 -4.043407E-01 -4.494169E-01  2.709253E-01
     10883 -3.956198E-01 -2.941209E-01  2.576381E-02
     10884 -2.231137E-01 -8.978723E-02  1.252936E-01
     10885 -1.643583E-01 -1.528507E-01  6.945622E-02
     10886 -7.742134E-02 -4.009893E-02  1.942678E-02
     10887 -1.253123E+00 -1.568406E+00  1.132927E+00
     10888 -1.390695E+00 -1.157362E+00  5.694981E-01
     10889 -3.141968E-01 -5.167204E-01  2.013530E-01
     10890 -9.066205E-01 -2.296210E+00  1.801166E+00
     10891 -2.989100E+00 -3.339405E+00  2.486240E+00
     10892 -8.130793E-01 -2.314278E+00  1.130535E+00
     10893  1.487846E-01 -3.878871E+00 -9.346821E-01
     10894 -3.062095E+00 -6.669287E+00  3.982362E+00
     10895 -3.641803E-02 -4.262395E+00  2.213757E+00
     10896  9.902329E+00 -6.583163E+00  3.550569E+00
     10897  5.040800E+00  1.761394E+00 -2.737340E-01
     10898 -3.235953E-01 -4.301194E+00  3.422328E+00
     10899 -5.726703E-01  2.758719E+00 -9.444165E-01
     10900  1.306609E+00 -9.854353E+00  2.144836E+00
     10901  3.921606E+00  6.191230E-01 -8.166631E-01
     10902  2.319893E+00 -2.615845E-01 -1.473376E+00
     10903  1.456907E-01 -2.607957E+00  1.161499E+00
     10904  6.368047E-01 -1.227998E+00 -3.502755E-02
     10905 -4.053677E-01 -1.833874E+00  4.446556E-01
     10906 -2.309063E-01 -4.509303E-01  1.108595E-01
     10907 -8.575538E-01 -1.618836E+00  1.288198E+00
     10908  1.703562E-01  1.564950E-03  3.210552E-02
     10909 -3.908302E-01 -5.419524E-01  5.234151E-01
     10910 -4.357448E-02 -3.357209E-01  2.856908E-01
     10911 -1.624462E-02 -2.242193E-02  4.439078E-02
     10912 -2.090385E-01 -1.223169E-01  3.912898E-01
     10913 -2.578945E-01 -2.970075E-01  1.526933E-01
     10914 -3.089326E-01 -3.550254E-01  2.388825E-01
     10915 -1.564452E-01 -1.249197E-01  1.354090E-01
     10916  8.834282E-03  5.561395E-03 -1.216581E-02
     10917  2.692985E-03  1.329948E-03 -2.373741E-03
     10918 -8.493122E-03 -6.651617E-03  1.901440E-02
     10919  8.378270E-03  5.157806E-03 -1.136282E-02
     10920 -6.557376E-02 -3.035739E-02  4.779860E-02
     10921 -1.519717E-01 -7.877616E-02  1.155843E-01
     10922  0.000000E+00  0.000000E+00  0.000000E+00
     10923  3.536792E-03  1.773016E-03 -4.436808E-03
     10924  3.340878E-03  1.629208E-03 -2.932749E-03
     10925 -3.187419E-02 -4.374209E-03  2.329958E-02
     10926 -3.999481E-02  1.981524E-03  3.672951E-02
     10927  0.000000E+00  0.000000E+00  0.000000E+00
     10928  0.000000E+00  0.000000E+00  0.000000E+00
     10929  0.000000E+00  0.000000E+00  0.000000E+00
     10930 -1.100111E-02  2.212326E-03  7.359131E-03
     10931  0.000000E+00  0.000000E+00  0.000000E+00
     10932 -4.698684E-03  1.588069E-03  3.387980E-03
     10933 -2.435349E-03  6.209532E-04  1.551673E-03
     10934  1.390744E-07  5.008172E-07  6.686066E-07
     10935 -3.832265E-04  2.421521E-04  2.971979E-04
     10936 -3.850835E-04  2.805496E-04  2.187876E-04
     10937 -5.017267E-04  4.694217E-04  4.160936E-04
     10938 -5.770054E-04  3.076144E-04  3.149354E-04
     10939 -7.981065E-04  4.203625E-04  4.448049E-04
     10940 -9.573121E-04  5.797192E-04  5.042576E-04
     10941 -1.841179E-03  9.574429E-04  1.068497E-03
     10942 -1.212023E-02  2.328169E-03  6.855475E-03
     10943 -6.793508E-03  1.502268E-03  4.236126E-03
     10944 -1.102975E-02  2.898905E-03  6.188150E-03
     10945 -2.094602E-02 -9.929104E-06  8.726108E-03
     10946 -6.246863E-03  1.780074E-03  2.931258E-03
     10947 -6.385471E-03  2.043767E-03  3.576321E-03
     10948 -3.078445E-05  3.197473E-05  2.589507E-05
     10949 -3.288590E-05  3.905167E-05  3.197141E-05
     10950 -6.967231E-05  7.313920E-05  4.898247E-05
     10951 -1.815256E-05  1.586476E-05  1.194812E-05
     10952 -1.066885E-05  1.150373E-05  1.117333E-05
     10953 -1.124395E-05  1.526277E-05  9.337728E-06
     10954 -1.829807E-05  2.866988E-05  1.712130E-05
     10955 -2.643597E-02 -1.744737E-03  1.043146E-02
     10956 -3.322101E-02 -2.877686E-03  1.833713E-02
     10957 -6.011604E-02 -2.485651E-02  1.977096E-02
     10958 -1.776729E-04  1.784809E-04  1.430586E-04
     10959 -9.764670E-05  1.196488E-04  8.793791E-05
     10960 -5.075753E-03  2.085892E-03  2.846537E-03
     10961 -2.481277E-03  1.494712E-03  1.632655E-03
     11110 -3.304542E+01 -1.366146E+01  1.363145E+01
     11249  2.167947E+00  9.640980E+00 -8.349358E+00
     14467 -1.072198E+00 -1.276158E+00  4.687577E-01
     14547 -9.969440E-02 -3.971885E-02  7.180967E-02
     14550 -5.873898E-01 -4.609367E-01  2.416094E-01
     14557 -1.202175E-01 -3.140040E-02  5.513406E-02
     14585 -2.426009E-01 -2.388002E-01  2.237197E-01
     14586 -2.849830E-01 -1.224388E-01  1.176349E-01
     14623 -3.235384E-02  7.259959E-04  2.326736E-02
     14624 -5.061249E-02 -2.393988E-03  4.126017E-02
     14632 -5.057780E-03  1.599831E-03  2.775091E-03
     14640 -1.223183E-01 -7.120681E-02  6.974728E-02
     14643 -1.393392E-02  2.322720E-03  8.050818E-03
     14644 -1.606729E-08 -3.818516E-08  7.317607E-08
     14648 -8.558377E-04  4.509173E-04  1.929456E-04
     14650 -1.953290E-02 -1.626859E-03  1.407722E-02
     14651 -1.151613E-03  4.359789E-04  2.166674E-04
     14660 -6.948505E-03  5.803825E-04  4.893767E-03
     14662 -3.364128E-07  1.376622E-06  1.467744E-07
     14680 -2.562609E-08  6.398214E-09  4.139311E-08
     14699 -8.574766E-06  2.928871E-05  2.391799E-06
     14700 -1.247121E-06  9.115595E-06  2.534113E-06
     14701  5.644070E-07  7.635089E-08 -3.202798E-08
     14712 -1.183625E-06  4.036476E-06  1.457183E-06
     14713  3.268905E-08  2.737146E-07  4.322026E-08
     14714  4.001761E-08  4.090537E-08  4.361531E-08
     14718 -8.867206E-08  6.610725E-07 -8.456101E-08
     14721 -6.692201E-08  1.759410E-06 -2.981981E-08
     14748 -3.234296E-03  7.846929E-04  2.099858E-03

 total force (fx,fy,fz) for set NBOT and time  0.8750000E+01

        3.956503E+00  1.446637E+00  1.987977E+02

                                INCREMENT    12


 forces (fx,fy,fz) for set NBOT and time  0.1000000E+02

         1  5.085927E-09 -7.899708E-09 -2.321548E-08
         2  1.748294E-09 -2.744965E-08 -1.027579E-08
         3 -1.144038E-04 -1.779920E-04  2.717116E-04
         9  4.416262E-10  2.147613E-08  3.318077E-08
        11  2.280694E-09  7.148800E-08 -7.080540E-09
        12  8.736152E-08 -9.522537E-08 -8.192298E-08
        13  3.972212E-07 -9.323546E-07 -2.483045E-07
        14  3.337562E-07 -1.681326E-06  5.395228E-07
        15 -4.902245E-08 -4.042974E-06  3.338398E-06
        16 -7.978211E-06 -1.141890E-05  3.170887E-05
        17 -3.944456E-05 -4.914921E-05  6.658066E-05
        18 -5.520631E-08  9.698307E-08  1.719308E-07
        19 -7.420590E-07  4.169622E-07  1.299053E-06
        20 -4.439813E-06  2.443286E-06  5.834211E-06
        21 -1.124772E-05  3.395883E-06  1.564077E-05
        22 -4.211763E-05  4.918039E-06  4.771275E-05
        23 -1.025058E-04  5.832381E-05  1.843164E-04
        24 -5.055957E-04 -7.747242E-06  6.078123E-04
        25 -4.642124E-04 -7.812134E-04  1.052915E-03
        26 -1.399048E-03 -2.581767E-03  2.396060E-03
        27 -2.267322E-03 -7.204237E-03  6.476273E-03
       407 -1.657806E-03 -1.609544E-04  1.900244E-03
       408 -6.034894E-03 -1.424085E-03  5.679432E-03
       409 -1.673403E-02 -7.999801E-03  1.538576E-02
       410 -5.298544E-02 -3.582188E-02  4.666901E-02
       849 -9.911106E-09 -9.759398E-08 -1.160842E-07
       850  3.786011E-06 -5.908828E-06 -2.314703E-06
       851  2.603202E-05 -1.778414E-05 -4.820804E-06
       852  1.311106E-04 -3.071743E-05 -3.575516E-06
       853  3.973616E-04  6.661506E-05  6.375333E-05
       854  9.621356E-04  3.973251E-04  3.458524E-04
       855  1.778850E-04 -7.808935E-04 -9.497659E-04
       856  4.628663E-03 -1.395286E-02 -2.231842E-02
       857  1.229779E-02 -5.838584E-02 -1.641238E-01
       858 -2.112832E-02 -1.650415E-01 -4.622494E-01
       859 -5.137073E-01 -3.349246E-01 -5.015947E-01
       860 -4.673833E+00 -2.755827E+00  2.257270E+00
       861 -2.028471E+00 -1.244563E+00  6.413188E+00
       862  3.084551E+01  2.011877E+01 -2.273877E+01
       863 -1.352842E+01 -3.989281E+01  2.708920E+01
       864 -7.784378E+00 -1.448882E+01  4.771002E+00
       865  4.169276E-01  7.785516E-01 -2.857609E+00
       866  1.392715E+00  2.815050E-01  1.715162E-01
       867  3.407239E-01  2.739716E-01  8.719466E-01
       868  1.226378E-01 -2.306724E-01  5.824831E-01
       869  3.296320E-01  3.446464E-01 -9.749690E-02
       870  3.813116E-02  4.890971E-02 -9.288294E-02
       871  2.811641E-02  2.216940E-02 -4.705027E-02
       872  8.219946E-03  4.796608E-03 -9.357835E-03
       873  0.000000E+00  0.000000E+00  0.000000E+00
       874  0.000000E+00  0.000000E+00  0.000000E+00
       875  0.000000E+00  0.000000E+00  0.000000E+00
       876  7.534226E-09  1.204990E-09  4.818933E-08
       877  4.487095E-07  1.214945E-06  2.089024E-06
       878 -1.747140E-06  2.081903E-05  1.931309E-05
       879 -2.543316E-05  1.138665E-04  1.066355E-04
       880 -2.483004E-04  4.581064E-04  4.706375E-04
       881 -1.170010E-03  1.329604E-03  1.321834E-03
       882 -4.180600E-03  1.695372E-03  1.427509E-03
       883 -7.859367E-03 -6.983941E-03 -1.293736E-02
       884 -2.820087E-02 -6.363840E-02 -1.054904E-01
       885 -2.085977E-01 -3.235983E-01 -3.715426E-01
       886 -1.128135E+00 -9.635402E-01 -1.999307E-01
       887 -4.162994E+00 -2.682024E+00  3.468522E+00
       888 -8.695062E+00 -5.734698E+00  1.580048E+01
       889  5.328682E+00  9.744416E-01 -1.203108E+01
       890 -3.591901E+00  2.465665E+01 -1.296937E+01
       891 -1.295294E+00 -2.277973E+00 -6.000059E+00
       892 -8.940350E-02 -1.504851E+00  3.533584E+00
       893  1.821227E+00  1.125229E+00 -3.980089E+00
       894  6.014902E-01 -1.337149E+00  1.476834E+00
       895  5.219544E-02 -1.750192E-01 -1.702935E-02
       896  2.071503E-02  5.623336E-02 -8.282221E-02
       897  1.544638E-02  2.113554E-02 -3.789531E-02
       898  6.691214E-03  5.750457E-03 -1.063482E-02
       899  2.074893E-03  1.268544E-03 -2.179680E-03
       900  0.000000E+00  0.000000E+00  0.000000E+00
       901  0.000000E+00  0.000000E+00  0.000000E+00
       902  0.000000E+00  0.000000E+00  0.000000E+00
       903  0.000000E+00  0.000000E+00  0.000000E+00
       904  2.099104E-08  7.504567E-09 -3.613977E-08
       905 -1.608639E-09 -3.300975E-10 -7.666469E-10
       906  2.490701E-08  2.447875E-08  5.301423E-08
      1014 -1.682730E+01  1.841618E+02 -2.089142E+02
      1129 -1.657836E+01 -8.294320E+00  2.773727E+01
      1245 -2.172911E+01 -1.303105E+02  2.328796E+02
      1273 -3.724369E+00  9.437922E-01 -8.094444E+00
      1555 -2.452235E+00  1.797152E+01 -1.393525E+01
      3181  0.000000E+00  0.000000E+00  0.000000E+00
      3215  0.000000E+00  0.000000E+00  0.000000E+00
      3216  0.000000E+00  0.000000E+00  0.000000E+00
      3220  0.000000E+00  0.000000E+00  0.000000E+00
      3221  0.000000E+00  0.000000E+00  0.000000E+00
      3225  3.250564E-03  2.365092E-03 -3.934982E-03
      3226 -3.209966E-02 -1.815730E-02  3.539123E-02
      3230 -4.242738E-02 -4.317345E-02  1.004799E-01
      3231 -8.179751E-02 -6.233286E-02  1.273973E-01
      3235 -9.072396E-02 -1.216076E-01  2.452241E-01
      3236 -8.644964E-02 -1.349669E-01  2.391347E-01
      3240 -4.575860E-01 -9.098866E-01  6.975610E-01
      3241 -2.131016E-01 -5.845916E-01  5.395469E-01
      3245 -5.043755E-01 -1.495782E+00  1.497323E+00
      3250 -6.344416E-01 -3.779392E+00  2.792102E+00
      3269  9.362072E-01  7.407411E+00 -1.475814E+01
      3275  1.959470E+01  3.484503E+01 -4.081207E+01
      3277  1.198566E+01  2.381486E+01 -2.799358E+01
      5644 -5.521677E+01 -4.104560E+01  7.544504E+01
      5645 -2.321643E+01 -1.040391E+01  4.039864E+01
      5649  1.859469E+01 -4.257314E+01  4.767168E+01
      5650 -5.438911E+01 -4.216934E+01  6.927077E+01
      5652  1.171407E+01  4.776481E+01 -7.245988E+01
      5653  2.147582E+01  6.364629E+01 -1.087762E+02
      5654 -1.075913E+01  1.041235E+01 -2.101918E+01
      5655 -8.928034E+00  4.428487E+01 -1.297051E+02
      5656 -6.270256E+00 -9.142858E-01  1.184515E+01
      5657  3.077838E+00  1.087470E+00 -3.817323E+00
      5658 -4.907772E+01 -3.166246E+01  1.224228E+02
      5924  1.643805E+01  1.212685E+02 -2.035696E+02
      5925  1.262568E+01  1.635851E+01 -1.118880E+02
      6030 -1.684460E+01  5.733206E-01 -5.045769E+00
      6031 -2.216559E+01  2.158359E+01 -3.124649E+01
      6032 -3.956426E+01  1.571454E+01  1.126686E+01
      6033  1.207505E+02  3.097753E+01 -1.995180E+02
      6402 -1.614727E+01  7.731753E+00  2.601765E+01
      6688 -1.236576E+02 -2.545211E+02  5.746936E+02
      6869  3.922756E+02  6.628670E+01 -1.362650E+02
      6875 -3.518033E+01 -3.602579E+00  1.070331E+02
      6964 -4.126472E+01 -5.107992E+01  1.629009E+02
     10794 -5.110829E-09  5.366375E-08  4.287877E-08
     10795  3.958221E-09  5.665518E-08  3.402866E-08
     10796 -1.034517E-04 -4.362520E-05  8.818687E-05
     10797 -1.180807E-04 -4.425376E-04  5.007664E-04
     10798 -1.813430E-06 -8.314971E-07 -2.069684E-06
     10799 -5.336448E-03  5.113012E-04  2.273073E-03
     10800 -2.002171E-05 -3.296747E-06 -1.942380E-05
     10801  3.338876E-07  2.681713E-07 -2.314814E-07
     10802 -9.885969E-03 -1.222299E-02 -1.249760E-02
     10803  4.423717E-05 -1.241477E-04 -7.071263E-05
     10804 -1.070433E-01 -1.319541E-01 -6.472121E-03
     10805 -2.941790E-01 -3.733724E-01  2.851502E-03
     10806 -5.037353E-01 -4.227752E-01  5.059266E-01
     10807  2.413888E-07 -4.822998E-07 -5.806420E-08
     10808 -2.794733E+00 -3.273140E-01  1.167958E+00
     10809  4.217123E-04 -1.101242E-04  2.435918E-05
     10810  3.772870E-03 -5.446986E-03 -2.659593E-03
     10811  4.333956E-02  4.330613E-03 -2.231134E-03
     10812 -3.167446E-06 -3.012977E-06 -1.452990E-07
     10813  4.676808E-04 -3.833436E-04 -1.934617E-04
     10814 -8.442754E-05  1.008774E-05  3.338045E-05
     10815 -9.080357E-07  3.148287E-08  1.062946E-07
     10816 -6.969492E-07  1.466528E-07  1.123250E-07
     10817  2.205825E-04  9.447390E-05 -4.183004E-05
     10818  3.280346E-05  1.759438E-05 -3.689307E-05
     10819 -1.213298E-04  4.127403E-04  3.073240E-04
     10820  4.644081E-06 -6.997134E-07 -4.899154E-06
     10821 -1.047858E-03 -3.024047E-05  2.332305E-03
     10822  2.792371E-06 -1.005197E-05  2.162078E-06
     10823  2.178858E-01  5.446604E-01  8.745034E-02
     10824 -1.862880E+01  2.148050E+00  8.669340E+00
     10825  1.120077E-01  1.209847E-01  1.055392E-02
     10826 -8.337440E-03 -8.256147E-03  6.575164E-03
     10827 -4.134902E-07 -4.314870E-08 -4.748742E-07
     10828  1.801596E-06 -3.465994E-05 -1.998944E-05
     10829  6.144324E-08  3.602684E-07  4.277203E-07
     10830  2.818911E-09  8.803271E-08  8.569856E-08
     10831  1.277805E-08  5.620401E-08  9.434781E-09
     10832 -8.239706E-08  3.051288E-07  2.056295E-07
     10833 -1.076115E-06  1.571166E-06  1.151681E-06
     10834  1.155384E-08  4.427516E-09  2.113107E-08
     10835 -6.142242E-04  2.155276E-04  5.548271E-04
     10836 -9.402723E-04  3.462163E-04  7.608676E-04
     10837 -1.783907E-03  6.156154E-04  1.407017E-03
     10838  0.000000E+00  0.000000E+00  0.000000E+00
     10839 -7.828284E-04  2.672262E-04  5.503661E-04
     10840 -2.211503E-06  3.254244E-06  2.787565E-06
     10841 -9.361992E-06  7.690088E-06  8.988537E-06
     10842 -1.368826E-05  1.237212E-05  1.026622E-05
     10843 -6.744684E-06  9.008136E-06  5.913793E-06
     10844 -1.643378E-06  2.988102E-06  2.523132E-06
     10845 -8.310706E-06  1.095038E-05  7.977250E-06
     10846 -1.778621E-05  9.045596E-06  1.703635E-05
     10847 -3.078893E-05  1.782865E-05  2.575672E-05
     10848 -1.351131E-05  1.252794E-05  1.174854E-05
     10849 -5.409924E-05  2.803744E-05  4.805521E-05
     10850 -1.083826E-04  6.062815E-05  1.087036E-04
     10851 -2.955781E-05  2.045604E-05  2.210996E-05
     10852 -8.990368E-05  1.203453E-04  8.252442E-05
     10853 -4.325434E-04  1.984778E-04  3.880778E-04
     10854 -1.563832E-05  3.323831E-05  4.591114E-05
     10855 -1.814603E-04  1.918967E-04  2.726917E-04
     10856 -1.093633E-04  8.539137E-05  9.527801E-05
     10857 -3.734573E-04  2.134456E-04  3.286570E-04
     10858 -6.851973E-06  2.707734E-05  1.620652E-05
     10859 -1.650561E-06  4.398237E-06  3.075714E-06
     10860 -2.901978E-07  1.084345E-08  8.534389E-07
     10861  1.738984E-06 -1.213255E-06 -2.069232E-07
     10862 -2.332914E-06  6.583976E-06  5.167468E-06
     10863 -7.871650E-05  1.456046E-04  8.962952E-05
     10864 -1.688073E-05  5.151750E-05  3.338077E-05
     10865 -2.450717E-05  4.379138E-05  2.878742E-05
     10866 -4.971651E-04  5.633074E-04  3.730640E-04
     10867 -1.310593E-04  2.534207E-04  1.747063E-04
     10868 -1.335035E-04  1.932275E-04  1.357462E-04
     10869 -2.257138E-03  1.775682E-03  1.405651E-03
     10870 -7.495332E-04  9.038255E-04  7.362872E-04
     10871 -7.419652E-04  7.027295E-04  6.219073E-04
     10872 -7.062043E-03  3.895174E-03  3.500323E-03
     10873 -3.018003E-03  2.374090E-03  2.263050E-03
     10874 -3.792148E-03  2.300084E-03  2.409257E-03
     10875 -1.149263E-02  4.602848E-03  2.339273E-03
     10876 -8.236717E-03  3.602977E-03  3.859078E-03
     10877 -1.045476E-02  3.789984E-03  5.408896E-03
     10878 -2.644704E-02 -7.637225E-04 -1.652744E-03
     10879 -6.877129E-02 -4.588054E-02 -3.343774E-02
     10880 -4.837415E-02 -2.480495E-03 -2.219115E-03
     10881 -3.147560E-02 -3.961989E-03  6.660785E-03
     10882 -4.628302E-01 -5.137509E-01  3.098269E-01
     10883 -4.525395E-01 -3.361980E-01  2.956657E-02
     10884 -2.553803E-01 -1.026079E-01  1.433642E-01
     10885 -1.881588E-01 -1.747303E-01  7.955867E-02
     10886 -8.862364E-02 -4.582166E-02  2.228155E-02
     10887 -1.433347E+00 -1.793371E+00  1.294779E+00
     10888 -1.590064E+00 -1.322896E+00  6.509188E-01
     10889 -3.597293E-01 -5.907528E-01  2.303896E-01
     10890 -1.038053E+00 -2.626155E+00  2.060528E+00
     10891 -3.417631E+00 -3.817433E+00  2.841652E+00
     10892 -9.313113E-01 -2.645320E+00  1.293463E+00
     10893  1.655935E-01 -4.438174E+00 -1.062129E+00
     10894 -3.502618E+00 -7.625539E+00  4.553611E+00
     10895 -4.542762E-02 -4.874522E+00  2.532872E+00
     10896  1.131004E+01 -7.525536E+00  4.063860E+00
     10897  5.763642E+00  2.017349E+00 -3.103822E-01
     10898 -3.717069E-01 -4.921147E+00  3.914840E+00
     10899 -6.633407E-01  3.123557E+00 -1.055968E+00
     10900  1.489033E+00 -1.125710E+01  2.462920E+00
     10901  4.488352E+00  7.103910E-01 -9.339006E-01
     10902  2.646050E+00 -3.039332E-01 -1.679948E+00
     10903  1.626680E-01 -2.987101E+00  1.328781E+00
     10904  7.228511E-01 -1.406861E+00 -3.668759E-02
     10905 -4.665215E-01 -2.100001E+00  5.106801E-01
     10906 -2.649045E-01 -5.160204E-01  1.275835E-01
     10907 -9.847239E-01 -1.853015E+00  1.476100E+00
     10908  1.953733E-01  1.689078E-03  3.648134E-02
     10909 -4.480247E-01 -6.202825E-01  5.994071E-01
     10910 -5.133238E-02 -3.841532E-01  3.272760E-01
     10911 -1.859285E-02 -2.564500E-02  5.077654E-02
     10912 -2.393865E-01 -1.398091E-01  4.477916E-01
     10913 -2.954750E-01 -3.397687E-01  1.748659E-01
     10914 -3.535248E-01 -4.059104E-01  2.733356E-01
     10915 -1.791874E-01 -1.428699E-01  1.550182E-01
     10916  1.010888E-02  6.361733E-03 -1.391656E-02
     10917  3.081230E-03  1.521572E-03 -2.715403E-03
     10918 -9.719855E-03 -7.608343E-03  2.175262E-02
     10919  9.587081E-03  5.900037E-03 -1.299803E-02
     10920 -7.503981E-02 -3.473439E-02  5.469616E-02
     10921 -1.739566E-01 -9.003801E-02  1.323011E-01
     10922  0.000000E+00  0.000000E+00  0.000000E+00
     10923  4.046628E-03  2.028445E-03 -5.075718E-03
     10924  3.822528E-03  1.863951E-03 -3.354874E-03
     10925 -3.648288E-02 -5.004963E-03  2.666718E-02
     10926 -4.578101E-02  2.280867E-03  4.203997E-02
     10927  0.000000E+00  0.000000E+00  0.000000E+00
     10928  0.000000E+00  0.000000E+00  0.000000E+00
     10929  0.000000E+00  0.000000E+00  0.000000E+00
     10930 -1.259315E-02  2.531653E-03  8.423178E-03
     10931  0.000000E+00  0.000000E+00  0.000000E+00
     10932 -5.379983E-03  1.817316E-03  3.878722E-03
     10933 -2.788446E-03  7.106042E-04  1.776569E-03
     10934  1.592391E-07  5.734319E-07  7.655458E-07
     10935 -4.387759E-04  2.772654E-04  3.402959E-04
     10936 -4.409558E-04  3.211924E-04  2.505057E-04
     10937 -5.745788E-04  5.374589E-04  4.764252E-04
     10938 -6.606869E-04  3.521292E-04  3.605915E-04
     10939 -9.139245E-04  4.811856E-04  5.092667E-04
     10940 -1.096186E-03  6.635782E-04  5.773450E-04
     10941 -2.108297E-03  1.095938E-03  1.223432E-03
     10942 -1.387681E-02  2.665409E-03  7.848569E-03
     10943 -7.776659E-03  1.718892E-03  4.849152E-03
     10944 -1.262887E-02  3.317540E-03  7.086111E-03
     10945 -2.398006E-02 -6.822841E-06  9.992125E-03
     10946 -7.152914E-03  2.037663E-03  3.356034E-03
     10947 -7.314521E-03  2.340067E-03  4.096249E-03
     10948 -3.524818E-05  3.661097E-05  2.964995E-05
     10949 -3.765389E-05  4.471395E-05  3.660673E-05
     10950 -7.977662E-05  8.374285E-05  5.608470E-05
     10951 -2.078491E-05  1.816533E-05  1.368080E-05
     10952 -1.221569E-05  1.317187E-05  1.279345E-05
     10953 -1.287411E-05  1.747582E-05  1.069158E-05
     10954 -2.095061E-05  3.282619E-05  1.960348E-05
     10955 -3.027111E-02 -1.987131E-03  1.195301E-02
     10956 -3.803666E-02 -3.287444E-03  2.099742E-02
     10957 -6.882101E-02 -2.841225E-02  2.264672E-02
     10958 -2.034424E-04  2.043453E-04  1.637972E-04
     10959 -1.118088E-04  1.369935E-04  1.006871E-04
     10960 -5.810950E-03  2.386394E-03  3.259053E-03
     10961 -2.842158E-03  1.711233E-03  1.869458E-03
     11110 -3.778227E+01 -1.565458E+01  1.558876E+01
     11249  2.446213E+00  1.095911E+01 -9.520684E+00
     14467 -1.229067E+00 -1.460224E+00  5.370208E-01
     14547 -1.140888E-01 -4.543363E-02  8.216938E-02
     14550 -6.724193E-01 -5.272655E-01  2.765432E-01
     14557 -1.375900E-01 -3.591411E-02  6.309302E-02
     14585 -2.776613E-01 -2.731546E-01  2.559904E-01
     14586 -3.262104E-01 -1.400135E-01  1.346392E-01
     14623 -3.702790E-02  8.302651E-04  2.662579E-02
     14624 -5.792506E-02 -2.735770E-03  4.721271E-02
     14632 -5.790255E-03  1.830849E-03  3.176818E-03
     14640 -1.399848E-01 -8.143755E-02  7.980060E-02
     14643 -1.595003E-02  2.657482E-03  9.215062E-03
     14644 -1.839690E-08 -4.372168E-08  8.378573E-08
     14648 -9.799919E-04  5.162775E-04  2.209329E-04
     14650 -2.235588E-02 -1.862780E-03  1.611144E-02
     14651 -1.318673E-03  4.991418E-04  2.481119E-04
     14660 -7.954227E-03  6.637053E-04  5.602132E-03
     14662 -3.851865E-07  1.576216E-06  1.680543E-07
     14680 -2.934102E-08  7.325600E-09  4.739435E-08
     14699 -9.817452E-06  3.353464E-05  2.738505E-06
     14700 -1.427916E-06  1.043731E-05  2.901543E-06
     14701  6.462419E-07  8.741773E-08 -3.666757E-08
     14712 -1.355206E-06  4.621716E-06  1.668452E-06
     14713  3.742862E-08  3.134002E-07  4.948699E-08
     14714  4.581968E-08  4.683632E-08  4.993948E-08
     14718 -1.014997E-07  7.569150E-07 -9.679821E-08
     14721 -7.662406E-08  2.014504E-06 -3.414358E-08
     14748 -3.703064E-03  8.980019E-04  2.404269E-03

 total force (fx,fy,fz) for set NBOT and time  0.1000000E+02

        4.574139E+00  1.663204E+00  2.270468E+02

                        S T E P       2


                                INCREMENT     5


 forces (fx,fy,fz) for set NBOT and time  0.1091250E+02

         1  5.557271E-09 -8.632040E-09 -2.536781E-08
         2  1.910336E-09 -2.999459E-08 -1.122847E-08
         3 -1.250284E-04 -1.944997E-04  2.969383E-04
         9  4.828465E-10  2.346690E-08  3.625697E-08
        11  2.492151E-09  7.811596E-08 -7.737033E-09
        12  9.546109E-08 -1.040547E-07 -8.951738E-08
        13  4.340435E-07 -1.018800E-06 -2.713281E-07
        14  3.647114E-07 -1.837237E-06  5.895189E-07
        15 -5.357513E-08 -4.417949E-06  3.647964E-06
        16 -8.719006E-06 -1.247809E-05  3.465146E-05
        17 -4.310818E-05 -5.370632E-05  7.276317E-05
        18 -6.032474E-08  1.059746E-07  1.878708E-07
        19 -8.108572E-07  4.556187E-07  1.419491E-06
        20 -4.851452E-06  2.669834E-06  6.375149E-06
        21 -1.229076E-05  3.710859E-06  1.709127E-05
        22 -4.602482E-05  5.374083E-06  5.213894E-05
        23 -1.120144E-04  6.373391E-05  2.014174E-04
        24 -5.524966E-04 -8.492236E-06  6.642118E-04
        25 -5.072205E-04 -8.536053E-04  1.150598E-03
        26 -1.528320E-03 -2.820675E-03  2.617927E-03
        27 -2.476815E-03 -7.869289E-03  7.074102E-03
       407 -1.811463E-03 -1.760102E-04  2.076477E-03
       408 -6.593449E-03 -1.556372E-03  6.205354E-03
       409 -1.828013E-02 -8.739116E-03  1.680714E-02
       410 -5.787136E-02 -3.912233E-02  5.097056E-02
       849 -1.082926E-08 -1.066422E-07 -1.268492E-07
       850  4.136928E-06 -6.456468E-06 -2.529172E-06
       851  2.844573E-05 -1.943218E-05 -5.266975E-06
       852  1.432786E-04 -3.356758E-05 -3.919250E-06
       853  4.342772E-04  7.281356E-05  6.957292E-05
       854  1.051626E-03  4.346056E-04  3.775526E-04
       855  1.931990E-04 -8.479149E-04 -1.033134E-03
       856  5.042336E-03 -1.521445E-02 -2.434265E-02
       857  1.342397E-02 -6.369961E-02 -1.790988E-01
       858 -2.301366E-02 -1.801699E-01 -5.046070E-01
       859 -5.603420E-01 -3.658193E-01 -5.483156E-01
       860 -5.099842E+00 -3.008067E+00  2.459884E+00
       861 -2.212480E+00 -1.358612E+00  6.994591E+00
       862  3.365529E+01  2.196862E+01 -2.480884E+01
       863 -1.475390E+01 -4.349828E+01  2.953949E+01
       864 -8.477053E+00 -1.578561E+01  5.199602E+00
       865  4.540824E-01  8.467879E-01 -3.109896E+00
       866  1.515528E+00  3.022542E-01  1.934101E-01
       867  3.716080E-01  2.989132E-01  9.539369E-01
       868  1.339857E-01 -2.519545E-01  6.362225E-01
       869  3.602624E-01  3.763691E-01 -1.065284E-01
       870  4.165163E-02  5.340900E-02 -1.014262E-01
       871  3.070929E-02  2.420867E-02 -5.137943E-02
       872  8.977396E-03  5.238309E-03 -1.021908E-02
       873  0.000000E+00  0.000000E+00  0.000000E+00
       874  0.000000E+00  0.000000E+00  0.000000E+00
       875  0.000000E+00  0.000000E+00  0.000000E+00
       876  8.232810E-09  1.317090E-09  5.265663E-08
       877  4.902960E-07  1.327569E-06  2.282682E-06
       878 -1.909245E-06  2.274835E-05  2.110268E-05
       879 -2.779465E-05  1.244123E-04  1.165065E-04
       880 -2.713590E-04  5.005058E-04  5.141837E-04
       881 -1.278822E-03  1.452908E-03  1.444367E-03
       882 -4.571150E-03  1.856314E-03  1.565333E-03
       883 -8.602594E-03 -7.604451E-03 -1.409469E-02
       884 -3.084452E-02 -6.942402E-02 -1.150729E-01
       885 -2.277975E-01 -3.531866E-01 -4.055110E-01
       886 -1.231241E+00 -1.051957E+00 -2.190994E-01
       887 -4.542816E+00 -2.928507E+00  3.781208E+00
       888 -9.489218E+00 -6.262381E+00  1.723531E+01
       889  5.815590E+00  1.066016E+00 -1.312633E+01
       890 -3.923396E+00  2.689323E+01 -1.413781E+01
       891 -1.417385E+00 -2.496393E+00 -6.528337E+00
       892 -9.719303E-02 -1.639233E+00  3.850823E+00
       893  1.983069E+00  1.217155E+00 -4.325868E+00
       894  6.528577E-01 -1.464609E+00  1.620419E+00
       895  5.670460E-02 -1.911309E-01 -1.856186E-02
       896  2.265360E-02  6.141692E-02 -9.044233E-02
       897  1.687450E-02  2.307980E-02 -4.137816E-02
       898  7.308384E-03  6.279367E-03 -1.161294E-02
       899  2.266105E-03  1.385349E-03 -2.380244E-03
       900  0.000000E+00  0.000000E+00  0.000000E+00
       901  0.000000E+00  0.000000E+00  0.000000E+00
       902  0.000000E+00  0.000000E+00  0.000000E+00
       903  0.000000E+00  0.000000E+00  0.000000E+00
       904  2.293714E-08  8.200367E-09 -3.949054E-08
       905 -1.757775E-09 -3.607127E-10 -8.377390E-10
       906  2.721623E-08  2.674824E-08  5.792938E-08
      1014 -1.837748E+01  2.009131E+02 -2.279565E+02
      1129 -1.807951E+01 -9.053486E+00  3.026830E+01
      1245 -2.362614E+01 -1.422735E+02  2.541783E+02
      1273 -4.073113E+00  1.033351E+00 -8.832801E+00
      1555 -2.679386E+00  1.962150E+01 -1.519926E+01
      3181  0.000000E+00  0.000000E+00  0.000000E+00
      3215  0.000000E+00  0.000000E+00  0.000000E+00
      3216  0.000000E+00  0.000000E+00  0.000000E+00
      3220  0.000000E+00  0.000000E+00  0.000000E+00
      3221  0.000000E+00  0.000000E+00  0.000000E+00
      3225  3.550048E-03  2.582899E-03 -4.297308E-03
      3226 -3.505757E-02 -1.982938E-02  3.864840E-02
      3230 -4.633988E-02 -4.714556E-02  1.097306E-01
      3231 -8.934256E-02 -6.806570E-02  1.391145E-01
      3235 -9.909203E-02 -1.327903E-01  2.677851E-01
      3236 -9.444389E-02 -1.473804E-01  2.611180E-01
      3240 -4.999783E-01 -9.937113E-01  7.618334E-01
      3241 -2.330394E-01 -6.383033E-01  5.892196E-01
      3245 -5.514914E-01 -1.633973E+00  1.635594E+00
      3250 -6.988434E-01 -4.131445E+00  3.052060E+00
      3269  1.017933E+00  8.064600E+00 -1.608117E+01
      3275  2.135824E+01  3.796585E+01 -4.449407E+01
      3277  1.306710E+01  2.595142E+01 -3.051217E+01
      5644 -6.024810E+01 -4.480936E+01  8.231804E+01
      5645 -2.533472E+01 -1.136922E+01  4.406585E+01
      5649  2.027373E+01 -4.647032E+01  5.204222E+01
      5650 -5.935194E+01 -4.605965E+01  7.558903E+01
      5652  1.276894E+01  5.207029E+01 -7.901014E+01
      5653  2.341070E+01  6.937426E+01 -1.186105E+02
      5654 -1.174018E+01  1.132572E+01 -2.288966E+01
      5655 -9.752215E+00  4.828011E+01 -1.414574E+02
      5656 -6.849500E+00 -1.027615E+00  1.295901E+01
      5657  3.350405E+00  1.155259E+00 -4.122700E+00
      5658 -5.354773E+01 -3.461122E+01  1.335925E+02
      5924  1.790209E+01  1.322748E+02 -2.220778E+02
      5925  1.375167E+01  1.782941E+01 -1.220244E+02
      6030 -1.837611E+01  5.994832E-01 -5.464649E+00
      6031 -2.418790E+01  2.350098E+01 -3.402334E+01
      6032 -4.318489E+01  1.709529E+01  1.238708E+01
      6033  1.317177E+02  3.386958E+01 -2.176809E+02
      6402 -1.763235E+01  8.414964E+00  2.842100E+01
      6688 -1.347257E+02 -2.776632E+02  6.268257E+02
      6869  4.281283E+02  7.333306E+01 -1.496395E+02
      6875 -3.836977E+01 -3.995123E+00  1.168520E+02
      6964 -4.500963E+01 -5.579779E+01  1.777631E+02
     10794 -5.584708E-09  5.863915E-08  4.685443E-08
     10795  4.325209E-09  6.190790E-08  3.718355E-08
     10796 -1.130700E-04 -4.771134E-05  9.636251E-05
     10797 -1.293222E-04 -4.837317E-04  5.472616E-04
     10798 -1.981633E-06 -9.085545E-07 -2.261577E-06
     10799 -5.831267E-03  5.586325E-04  2.483997E-03
     10800 -2.187726E-05 -3.601933E-06 -2.122428E-05
     10801  3.648434E-07  2.930123E-07 -2.529516E-07
     10802 -1.079938E-02 -1.334066E-02 -1.361784E-02
     10803  4.841548E-05 -1.356483E-04 -7.729119E-05
     10804 -1.168448E-01 -1.440563E-01 -7.031141E-03
     10805 -3.206070E-01 -4.076850E-01  2.966028E-03
     10806 -5.501420E-01 -4.627276E-01  5.526569E-01
     10807  2.637672E-07 -5.270163E-07 -6.344603E-08
     10808 -3.050163E+00 -3.588359E-01  1.275813E+00
     10809  4.608243E-04 -1.203444E-04  2.661575E-05
     10810  4.122235E-03 -5.949629E-03 -2.904424E-03
     10811  4.734324E-02  4.724067E-03 -2.435411E-03
     10812 -3.461108E-06 -3.292381E-06 -1.590698E-07
     10813  5.111121E-04 -4.186873E-04 -2.111553E-04
     10814 -9.226183E-05  1.098064E-05  3.644298E-05
     10815 -9.922456E-07  3.439086E-08  1.161480E-07
     10816 -7.615648E-07  1.602494E-07  1.227350E-07
     10817  2.410670E-04  1.032621E-04 -4.574344E-05
     10818  3.583450E-05  1.922238E-05 -4.032686E-05
     10819 -1.332554E-04  4.515889E-04  3.356383E-04
     10820  5.075245E-06 -7.644405E-07 -5.353258E-06
     10821 -1.143179E-03 -3.226055E-05  2.544004E-03
     10822  3.051215E-06 -1.098378E-05  2.362573E-06
     10823  2.380495E-01  5.948403E-01  9.555389E-02
     10824 -2.033675E+01  2.337529E+00  9.462983E+00
     10825  1.223631E-01  1.320864E-01  1.149474E-02
     10826 -9.099869E-03 -9.010193E-03  7.177667E-03
     10827 -4.518228E-07 -4.714354E-08 -5.189282E-07
     10828  1.967517E-06 -3.788084E-05 -2.184945E-05
     10829  6.713882E-08  3.936634E-07  4.673699E-07
     10830  3.080483E-09  9.619332E-08  9.364352E-08
     10831  1.396275E-08  6.141487E-08  1.030958E-08
     10832 -9.003575E-08  3.334185E-07  2.246943E-07
     10833 -1.175883E-06  1.716839E-06  1.258456E-06
     10834  1.262503E-08  4.838025E-09  2.309022E-08
     10835 -6.711859E-04  2.354797E-04  6.062941E-04
     10836 -1.027464E-03  3.782552E-04  8.314437E-04
     10837 -1.949210E-03  6.725249E-04  1.537435E-03
     10838  0.000000E+00  0.000000E+00  0.000000E+00
     10839 -8.554221E-04  2.919620E-04  6.014092E-04
     10840 -2.416525E-06  3.555958E-06  3.046007E-06
     10841 -1.023000E-05  8.403153E-06  9.821947E-06
     10842 -1.495746E-05  1.351945E-05  1.121815E-05
     10843 -7.369983E-06  9.843385E-06  6.462091E-06
     10844 -1.795729E-06  3.265139E-06  2.757054E-06
     10845 -9.081135E-06  1.196566E-05  8.716855E-06
     10846 -1.943557E-05  9.884537E-06  1.861619E-05
     10847 -3.364429E-05  1.948212E-05  2.814540E-05
     10848 -1.476405E-05  1.368963E-05  1.283797E-05
     10849 -5.911688E-05  3.063804E-05  5.251261E-05
     10850 -1.184358E-04  6.625026E-05  1.187867E-04
     10851 -3.229892E-05  2.235298E-05  2.416041E-05
     10852 -9.824207E-05  1.315044E-04  9.018090E-05
     10853 -4.726577E-04  2.168722E-04  4.240690E-04
     10854 -1.708932E-05  3.631930E-05  5.016907E-05
     10855 -1.982943E-04  2.096818E-04  2.979827E-04
     10856 -1.195066E-04  9.330841E-05  1.041139E-04
     10857 -4.081160E-04  2.332124E-04  3.591333E-04
     10858 -7.486890E-06  2.958711E-05  1.770858E-05
     10859 -1.803537E-06  4.805904E-06  3.360827E-06
     10860 -3.170963E-07  1.184847E-08  9.325391E-07
     10861  1.900209E-06 -1.325737E-06 -2.261030E-07
     10862 -2.549180E-06  7.194399E-06  5.646586E-06
     10863 -8.601405E-05  1.590982E-04  9.793396E-05
     10864 -1.844507E-05  5.629163E-05  3.647415E-05
     10865 -2.677888E-05  4.785056E-05  3.145563E-05
     10866 -5.433035E-04  6.155012E-04  4.076357E-04
     10867 -1.432156E-04  2.768989E-04  1.908878E-04
     10868 -1.458844E-04  2.111345E-04  1.483268E-04
     10869 -2.467004E-03  1.940249E-03  1.536131E-03
     10870 -8.192088E-04  9.875920E-04  8.044942E-04
     10871 -8.108239E-04  7.678294E-04  6.795722E-04
     10872 -7.720781E-03  4.256637E-03  3.827453E-03
     10873 -3.299434E-03  2.594458E-03  2.473178E-03
     10874 -4.144492E-03  2.513147E-03  2.633035E-03
     10875 -1.257659E-02  5.032082E-03  2.572528E-03
     10876 -9.009836E-03  3.940798E-03  4.223695E-03
     10877 -1.142782E-02  4.142328E-03  5.913739E-03
     10878 -2.891735E-02 -8.212047E-04 -1.772143E-03
     10879 -7.518916E-02 -5.005213E-02 -3.642501E-02
     10880 -5.287744E-02 -2.694818E-03 -2.374799E-03
     10881 -3.440778E-02 -4.311362E-03  7.301141E-03
     10882 -5.056353E-01 -5.607403E-01  3.382569E-01
     10883 -4.941531E-01 -3.669273E-01  3.235993E-02
     10884 -2.789934E-01 -1.119675E-01  1.565816E-01
     10885 -2.055806E-01 -1.907110E-01  8.695970E-02
     10886 -9.682236E-02 -4.999909E-02  2.437693E-02
     10887 -1.565098E+00 -1.957747E+00  1.412949E+00
     10888 -1.735722E+00 -1.443782E+00  7.103737E-01
     10889 -3.930633E-01 -6.448348E-01  2.516275E-01
     10890 -1.134278E+00 -2.867320E+00  2.250175E+00
     10891 -3.730717E+00 -4.166582E+00  3.101174E+00
     10892 -1.017922E+00 -2.887078E+00  1.412617E+00
     10893  1.772434E-01 -4.847262E+00 -1.154329E+00
     10894 -3.824682E+00 -8.324207E+00  4.971014E+00
     10895 -5.253242E-02 -5.321892E+00  2.766259E+00
     10896  1.233683E+01 -8.213869E+00  4.439490E+00
     10897  6.291792E+00  2.204841E+00 -3.367901E-01
     10898 -4.070871E-01 -5.374555E+00  4.274932E+00
     10899 -7.308013E-01  3.385783E+00 -1.134119E+00
     10900  1.621639E+00 -1.228058E+01  2.696814E+00
     10901  4.903052E+00  7.774233E-01 -1.019585E+00
     10902  2.883451E+00 -3.355484E-01 -1.830231E+00
     10903  1.745328E-01 -3.264841E+00  1.451105E+00
     10904  7.849899E-01 -1.537930E+00 -3.743552E-02
     10905 -5.116212E-01 -2.294882E+00  5.592305E-01
     10906 -2.898679E-01 -5.636372E-01  1.399176E-01
     10907 -1.078222E+00 -2.024400E+00  1.613831E+00
     10908  2.137335E-01  1.765837E-03  3.964685E-02
     10909 -4.899730E-01 -6.775990E-01  6.550600E-01
     10910 -5.721028E-02 -4.195802E-01  3.577457E-01
     10911 -2.031117E-02 -2.800097E-02  5.544504E-02
     10912 -2.616117E-01 -1.525829E-01  4.891284E-01
     10913 -3.230160E-01 -3.710355E-01  1.911045E-01
     10914 -3.861462E-01 -4.430855E-01  2.985360E-01
     10915 -1.958467E-01 -1.559902E-01  1.693722E-01
     10916  1.104123E-02  6.946886E-03 -1.519659E-02
     10917  3.365185E-03  1.661707E-03 -2.965211E-03
     10918 -1.061738E-02 -8.307766E-03  2.375488E-02
     10919  1.047131E-02  6.442703E-03 -1.419359E-02
     10920 -8.196482E-02 -3.793569E-02  5.974182E-02
     10921 -1.900463E-01 -9.826156E-02  1.445347E-01
     10922  0.000000E+00  0.000000E+00  0.000000E+00
     10923  4.419505E-03  2.215235E-03 -5.542902E-03
     10924  4.174798E-03  2.035619E-03 -3.663513E-03
     10925 -3.985544E-02 -5.466297E-03  2.913135E-02
     10926 -5.001572E-02  2.501696E-03  4.592604E-02
     10927  0.000000E+00  0.000000E+00  0.000000E+00
     10928  0.000000E+00  0.000000E+00  0.000000E+00
     10929  0.000000E+00  0.000000E+00  0.000000E+00
     10930 -1.375838E-02  2.765256E-03  9.201829E-03
     10931  0.000000E+00  0.000000E+00  0.000000E+00
     10932 -5.878810E-03  1.985024E-03  4.237960E-03
     10933 -3.046968E-03  7.761910E-04  1.941218E-03
     10934  1.740030E-07  6.265979E-07  8.365208E-07
     10935 -4.794450E-04  3.029746E-04  3.718516E-04
     10936 -4.818687E-04  3.509450E-04  2.737280E-04
     10937 -6.279332E-04  5.872699E-04  5.205980E-04
     10938 -7.219583E-04  3.847094E-04  3.940183E-04
     10939 -9.987358E-04  5.257009E-04  5.564590E-04
     10940 -1.197874E-03  7.249498E-04  6.308535E-04
     10941 -2.303893E-03  1.197295E-03  1.336872E-03
     10942 -1.516281E-02  2.912282E-03  8.575554E-03
     10943 -8.496234E-03  1.877333E-03  5.297826E-03
     10944 -1.379967E-02  3.623820E-03  7.743668E-03
     10945 -2.620108E-02 -3.921255E-06  1.091917E-02
     10946 -7.816335E-03  2.226192E-03  3.667008E-03
     10947 -7.995179E-03  2.557005E-03  4.477114E-03
     10948 -3.851640E-05  4.000549E-05  3.239919E-05
     10949 -4.114482E-05  4.885968E-05  4.000050E-05
     10950 -8.717496E-05  9.150634E-05  6.128473E-05
     10951 -2.271227E-05  1.984976E-05  1.494946E-05
     10952 -1.334822E-05  1.439325E-05  1.397966E-05
     10953 -1.406763E-05  1.909615E-05  1.168282E-05
     10954 -2.289264E-05  3.586922E-05  2.142080E-05
     10955 -3.307934E-02 -2.163146E-03  1.306828E-02
     10956 -4.156235E-02 -3.586421E-03  2.294541E-02
     10957 -7.519293E-02 -3.100900E-02  2.475351E-02
     10958 -2.223111E-04  2.232804E-04  1.789809E-04
     10959 -1.221784E-04  1.496922E-04  1.100214E-04
     10960 -6.349133E-03  2.606145E-03  3.561054E-03
     10961 -3.106535E-03  1.869734E-03  2.042848E-03
     11110 -4.124295E+01 -1.711561E+01  1.701923E+01
     11249  2.644986E+00  1.191323E+01 -1.037292E+01
     14467 -1.344114E+00 -1.594858E+00  5.870417E-01
     14547 -1.246196E-01 -4.961173E-02  8.974726E-02
     14550 -7.346563E-01 -5.757601E-01  3.021072E-01
     14557 -1.503015E-01 -3.921351E-02  6.891549E-02
     14585 -3.033156E-01 -2.982706E-01  2.795949E-01
     14586 -3.563829E-01 -1.528566E-01  1.470821E-01
     14623 -4.044775E-02  9.064732E-04  2.908264E-02
     14624 -6.327552E-02 -2.985274E-03  5.156685E-02
     14632 -6.326427E-03  1.999863E-03  3.470860E-03
     14640 -1.529102E-01 -8.891526E-02  8.715312E-02
     14643 -1.742558E-02  2.902306E-03  1.006706E-02
     14644 -2.010256E-08 -4.777532E-08  9.155371E-08
     14648 -1.070902E-03  5.641293E-04  2.414258E-04
     14650 -2.442151E-02 -2.035517E-03  1.759988E-02
     14651 -1.441000E-03  5.453806E-04  2.711385E-04
     14660 -8.690339E-03  7.245979E-04  6.120609E-03
     14662 -4.208964E-07  1.722351E-06  1.836345E-07
     14680 -3.206087E-08  8.004556E-09  5.178819E-08
     14699 -1.072722E-05  3.664327E-05  2.992339E-06
     14700 -1.560284E-06  1.140504E-05  3.170562E-06
     14701  7.061585E-07  9.552000E-08 -4.006393E-08
     14712 -1.480826E-06  5.050205E-06  1.823133E-06
     14713  4.089875E-08  3.424565E-07  5.407530E-08
     14714  5.006773E-08  5.117875E-08  5.456986E-08
     14718 -1.108877E-07  8.270865E-07 -1.057546E-07
     14721 -8.372742E-08  2.201274E-06 -3.730931E-08
     14748 -4.046254E-03  9.808988E-04  2.627140E-03

 total force (fx,fy,fz) for set NBOT and time  0.1091250E+02

        5.036501E+00  1.822553E+00  2.476480E+02

                                INCREMENT    10


 forces (fx,fy,fz) for set NBOT and time  0.1341250E+02

         1  6.854332E-09 -1.064745E-08 -3.129126E-08
         2  2.356260E-09 -3.699859E-08 -1.385034E-08
         3 -1.542812E-04 -2.399350E-04  3.663904E-04
         9  5.964871E-10  2.894549E-08  4.472299E-08
        11  3.074111E-09  9.635696E-08 -9.543807E-09
        12  1.177521E-07 -1.283546E-07 -1.104174E-07
        13  5.353792E-07 -1.256712E-06 -3.346937E-07
        14  4.499121E-07 -2.266344E-06  7.270964E-07
        15 -6.611128E-08 -5.450024E-06  4.499966E-06
        16 -1.075856E-05 -1.539345E-05  4.275180E-05
        17 -5.319560E-05 -6.624827E-05  8.978506E-05
        18 -7.441135E-08  1.307201E-07  2.317395E-07
        19 -1.000198E-06  5.620052E-07  1.750950E-06
        20 -5.984343E-06  3.293338E-06  7.863900E-06
        21 -1.516151E-05  4.577805E-06  2.108349E-05
        22 -5.677954E-05  6.629222E-06  6.432219E-05
        23 -1.381868E-04  7.862505E-05  2.484903E-04
        24 -6.815913E-04 -1.056164E-05  8.194636E-04
        25 -6.255613E-04 -1.052809E-03  1.419481E-03
        26 -1.883775E-03 -3.477850E-03  3.228327E-03
        27 -3.052847E-03 -9.697525E-03  8.717525E-03
       407 -2.234312E-03 -2.175402E-04  2.561529E-03
       408 -8.129967E-03 -1.920621E-03  7.652292E-03
       409 -2.253134E-02 -1.077209E-02  2.071528E-02
       410 -7.129908E-02 -4.819075E-02  6.279086E-02
       849 -1.335561E-08 -1.315438E-07 -1.564776E-07
       850  5.102626E-06 -7.963507E-06 -3.119323E-06
       851  3.508868E-05 -2.396721E-05 -6.494338E-06
       852  1.767754E-04 -4.141313E-05 -4.874039E-06
       853  5.359268E-04  8.988887E-05  8.552418E-05
       854  1.298118E-03  5.375251E-04  4.645391E-04
       855  2.345006E-04 -1.028517E-03 -1.259205E-03
       856  6.169810E-03 -1.866368E-02 -2.988145E-02
       857  1.651399E-02 -7.825321E-02 -2.201398E-01
       858 -2.814748E-02 -2.216830E-01 -6.208276E-01
       859 -6.879710E-01 -4.507376E-01 -6.770661E-01
       860 -6.267036E+00 -3.699942E+00  3.012703E+00
       861 -2.715939E+00 -1.671508E+00  8.585213E+00
       862  4.135216E+01  2.704876E+01 -3.047850E+01
       863 -1.810604E+01 -5.335497E+01  3.623977E+01
       864 -1.036258E+01 -1.932137E+01  6.369477E+00
       865  5.553059E-01  1.031794E+00 -3.795173E+00
       866  1.849018E+00  3.555286E-01  2.579606E-01
       867  4.561007E-01  3.672278E-01  1.180417E+00
       868  1.652013E-01 -3.104526E-01  7.839357E-01
       869  4.446123E-01  4.635106E-01 -1.313791E-01
       870  5.132996E-02  6.576649E-02 -1.248897E-01
       871  3.783538E-02  2.980948E-02 -6.327028E-02
       872  1.105868E-02  6.451770E-03 -1.258477E-02
       873  0.000000E+00  0.000000E+00  0.000000E+00
       874  0.000000E+00  0.000000E+00  0.000000E+00
       875  0.000000E+00  0.000000E+00  0.000000E+00
       876  1.015544E-08  1.625878E-09  6.495080E-08
       877  6.047366E-07  1.637511E-06  2.815636E-06
       878 -2.355467E-06  2.805748E-05  2.602713E-05
       879 -3.429626E-05  1.534275E-04  1.436615E-04
       880 -3.348462E-04  6.171423E-04  6.339657E-04
       881 -1.578526E-03  1.792283E-03  1.781582E-03
       882 -5.648096E-03  2.301948E-03  1.948581E-03
       883 -1.065838E-02 -9.292863E-03 -1.724967E-02
       884 -3.814042E-02 -8.526515E-02 -1.413044E-01
       885 -2.805349E-01 -4.343229E-01 -4.986583E-01
       886 -1.513930E+00 -1.294644E+00 -2.723225E-01
       887 -5.583726E+00 -3.605319E+00  4.635350E+00
       888 -1.166624E+01 -7.711805E+00  2.116255E+01
       889  7.150643E+00  1.318990E+00 -1.612644E+01
       890 -4.834552E+00  3.301372E+01 -1.732933E+01
       891 -1.754819E+00 -3.102803E+00 -7.962031E+00
       892 -1.182722E-01 -2.005396E+00  4.716508E+00
       893  2.423491E+00  1.461267E+00 -5.260926E+00
       894  7.910893E-01 -1.817906E+00  2.020366E+00
       895  6.887993E-02 -2.353906E-01 -2.274689E-02
       896  2.800181E-02  7.566156E-02 -1.113724E-01
       897  2.080210E-02  2.841981E-02 -5.094167E-02
       898  9.004650E-03  7.731974E-03 -1.429926E-02
       899  2.791519E-03  1.706233E-03 -2.931131E-03
       900  0.000000E+00  0.000000E+00  0.000000E+00
       901  0.000000E+00  0.000000E+00  0.000000E+00
       902  0.000000E+00  0.000000E+00  0.000000E+00
       903  0.000000E+00  0.000000E+00  0.000000E+00
       904  2.829304E-08  1.011532E-08 -4.871236E-08
       905 -2.168211E-09 -4.449774E-10 -1.033403E-09
       906  3.357147E-08  3.299414E-08  7.145651E-08
      1014 -2.264000E+01  2.467898E+02 -2.801364E+02
      1129 -2.218502E+01 -1.113689E+01  3.720686E+01
      1245 -2.875338E+01 -1.751200E+02  3.125954E+02
      1273 -5.036300E+00  1.281596E+00 -1.085614E+01
      1555 -3.304900E+00  2.415134E+01 -1.865708E+01
      3181  0.000000E+00  0.000000E+00  0.000000E+00
      3215  0.000000E+00  0.000000E+00  0.000000E+00
      3216  0.000000E+00  0.000000E+00  0.000000E+00
      3220  0.000000E+00  0.000000E+00  0.000000E+00
      3221  0.000000E+00  0.000000E+00  0.000000E+00
      3225  4.372917E-03  3.181281E-03 -5.292689E-03
      3226 -4.318518E-02 -2.442303E-02  4.759533E-02
      3230 -5.709256E-02 -5.805538E-02  1.351432E-01
      3231 -1.100801E-01 -8.381018E-02  1.712947E-01
      3235 -1.220913E-01 -1.635011E-01  3.297516E-01
      3236 -1.164305E-01 -1.814728E-01  3.214851E-01
      3240 -6.166265E-01 -1.224029E+00  9.384355E-01
      3241 -2.880414E-01 -7.857785E-01  7.256773E-01
      3245 -6.814161E-01 -2.013951E+00  2.015753E+00
      3250 -8.800824E-01 -5.101550E+00  3.768302E+00
      3269  1.239234E+00  9.852135E+00 -1.969013E+01
      3275  2.617382E+01  4.647621E+01 -5.455493E+01
      3277  1.602218E+01  3.178067E+01 -3.738910E+01
      5644 -7.403159E+01 -5.513829E+01  1.011465E+02
      5645 -3.113999E+01 -1.402660E+01  5.410234E+01
      5649  2.486191E+01 -5.716178E+01  6.403742E+01
      5650 -7.295277E+01 -5.675336E+01  9.290344E+01
      5652  1.564962E+01  6.383196E+01 -9.691793E+01
      5653  2.869507E+01  8.501454E+01 -1.454967E+02
      5654 -1.442837E+01  1.380136E+01 -2.798009E+01
      5655 -1.201886E+01  5.919754E+01 -1.736076E+02
      5656 -8.442329E+00 -1.360776E+00  1.603721E+01
      5657  4.091261E+00  1.316970E+00 -4.926266E+00
      5658 -6.579108E+01 -4.273761E+01  1.642039E+02
      5924  2.188630E+01  1.624012E+02 -2.727602E+02
      5925  1.681718E+01  2.184520E+01 -1.497512E+02
      6030 -2.256927E+01  6.510814E-01 -6.579796E+00
      6031 -2.973037E+01  2.871638E+01 -4.157483E+01
      6032 -5.311651E+01  2.083908E+01  1.553135E+01
      6033  1.617347E+02  4.184786E+01 -2.674282E+02
      6402 -2.171161E+01  1.027088E+01  3.503096E+01
      6688 -1.648838E+02 -3.410281E+02  7.694585E+02
      6869  5.264335E+02  9.337714E+01 -1.870001E+02
      6875 -4.709316E+01 -5.119840E+00  1.438048E+02
      6964 -5.525532E+01 -6.877096E+01  2.184932E+02
     10794 -6.888909E-09  7.233209E-08  5.779609E-08
     10795  5.335211E-09  7.636403E-08  4.586620E-08
     10796 -1.395597E-04 -5.898642E-05  1.188625E-04
     10797 -1.604668E-04 -5.972178E-04  6.752688E-04
     10798 -2.444601E-06 -1.120603E-06 -2.789694E-06
     10799 -7.193112E-03  6.888444E-04  3.064611E-03
     10800 -2.698343E-05 -4.441501E-06 -2.617913E-05
     10801  4.500376E-07  3.613624E-07 -3.120467E-07
     10802 -1.331076E-02 -1.640577E-02 -1.667340E-02
     10803  5.996957E-05 -1.672910E-04 -9.541192E-05
     10804 -1.437318E-01 -1.772699E-01 -8.540345E-03
     10805 -3.927342E-01 -5.019039E-01  3.172368E-03
     10806 -6.776468E-01 -5.732328E-01  6.811396E-01
     10807  3.253542E-07 -6.500822E-07 -7.825639E-08
     10808 -3.750522E+00 -4.464355E-01  1.572361E+00
     10809  5.684749E-04 -1.484788E-04  3.282478E-05
     10810  5.083421E-03 -7.331284E-03 -3.576984E-03
     10811  5.835158E-02  5.801114E-03 -2.995768E-03
     10812 -4.269302E-06 -4.061378E-06 -1.971821E-07
     10813  6.306906E-04 -5.158164E-04 -2.596774E-04
     10814 -1.138276E-04  1.340783E-05  4.484858E-05
     10815 -1.224018E-06  4.238635E-08  1.432646E-07
     10816 -9.393942E-07  1.976688E-07  1.513820E-07
     10817  2.974668E-04  1.274695E-04 -5.653870E-05
     10818  4.416891E-05  2.370062E-05 -4.978663E-05
     10819 -1.665587E-04  5.589239E-04  4.134367E-04
     10820  6.262286E-06 -9.424732E-07 -6.602928E-06
     10821 -1.404202E-03 -3.725850E-05  3.123398E-03
     10822  3.763552E-06 -1.354814E-05  2.914388E-06
     10823  2.935161E-01  7.327170E-01  1.178532E-01
     10824 -2.502375E+01  2.852144E+00  1.164003E+01
     10825  1.508421E-01  1.625575E-01  1.405691E-02
     10826 -1.119060E-02 -1.107729E-02  8.830825E-03
     10827 -5.573161E-07 -5.813386E-08 -6.401897E-07
     10828  2.423362E-06 -4.675044E-05 -2.697321E-05
     10829  8.281303E-08  4.855657E-07  5.764861E-07
     10830  3.800522E-09  1.186514E-07  1.155087E-07
     10831  1.722321E-08  7.575580E-08  1.271719E-08
     10832 -1.110580E-07  4.112754E-07  2.771630E-07
     10833 -1.450456E-06  2.117753E-06  1.552315E-06
     10834  1.557307E-08  5.967811E-09  2.848207E-08
     10835 -8.279615E-04  2.903686E-04  7.479568E-04
     10836 -1.267438E-03  4.663871E-04  1.025701E-03
     10837 -2.404079E-03  8.290277E-04  1.896336E-03
     10838  0.000000E+00  0.000000E+00  0.000000E+00
     10839 -1.055219E-03  3.600092E-04  7.418976E-04
     10840 -2.980761E-06  4.386317E-06  3.757269E-06
     10841 -1.261888E-05  1.036566E-05  1.211563E-05
     10842 -1.845055E-05  1.667721E-05  1.383805E-05
     10843 -9.090866E-06  1.214214E-05  7.971084E-06
     10844 -2.215010E-06  4.027578E-06  3.400832E-06
     10845 -1.120139E-05  1.475984E-05  1.075234E-05
     10846 -2.397507E-05  1.219361E-05  2.296436E-05
     10847 -4.150315E-05  2.403302E-05  3.471983E-05
     10848 -1.821182E-05  1.688689E-05  1.583635E-05
     10849 -7.292743E-05  3.779604E-05  6.478138E-05
     10850 -1.461069E-04  8.172374E-05  1.465400E-04
     10851 -3.984329E-05  2.757389E-05  2.980391E-05
     10852 -1.211925E-04  1.622163E-04  1.112563E-04
     10853 -5.830650E-04  2.674904E-04  5.231291E-04
     10854 -2.108350E-05  4.479809E-05  6.188837E-05
     10855 -2.446308E-04  2.586240E-04  3.675926E-04
     10856 -1.474249E-04  1.150971E-04  1.284329E-04
     10857 -5.035254E-04  2.875969E-04  4.430116E-04
     10858 -9.234011E-06  3.649383E-05  2.184205E-05
     10859 -2.224507E-06  5.927778E-06  4.145461E-06
     10860 -3.911198E-07  1.461418E-08  1.150215E-06
     10861  2.343918E-06 -1.635302E-06 -2.788848E-07
     10862 -3.144351E-06  8.874359E-06  6.965195E-06
     10863 -1.060975E-04  1.962299E-04  1.207850E-04
     10864 -2.274982E-05  6.942904E-05  4.498647E-05
     10865 -3.303060E-05  5.902132E-05  3.879830E-05
     10866 -6.703143E-04  7.591219E-04  5.027700E-04
     10867 -1.766750E-04  3.415014E-04  2.354099E-04
     10868 -1.799604E-04  2.604111E-04  1.829467E-04
     10869 -3.045010E-03  2.393116E-03  1.895342E-03
     10870 -1.011097E-03  1.218107E-03  9.921682E-04
     10871 -1.000381E-03  9.469551E-04  8.382775E-04
     10872 -9.536555E-03  5.251668E-03  4.729619E-03
     10873 -4.075123E-03  3.201126E-03  3.051702E-03
     10874 -5.114728E-03  3.099392E-03  3.249192E-03
     10875 -1.557289E-02  6.215184E-03  3.226157E-03
     10876 -1.114430E-02  4.873244E-03  5.232058E-03
     10877 -1.410848E-02  5.112723E-03  7.305535E-03
     10878 -3.572894E-02 -9.698175E-04 -2.076606E-03
     10879 -9.288135E-02 -6.147395E-02 -4.456617E-02
     10880 -6.528361E-02 -3.273302E-03 -2.767764E-03
     10881 -4.248740E-02 -5.259981E-03  9.079730E-03
     10882 -6.233642E-01 -6.896014E-01  4.162880E-01
     10883 -6.084314E-01 -4.511832E-01  4.008297E-02
     10884 -3.439335E-01 -1.376158E-01  1.929043E-01
     10885 -2.535108E-01 -2.345348E-01  1.073458E-01
     10886 -1.193731E-01 -6.144509E-02  3.016457E-02
     10887 -1.926877E+00 -2.408783E+00  1.736824E+00
     10888 -2.135330E+00 -1.775214E+00  8.733593E-01
     10889 -4.847893E-01 -7.931838E-01  3.099891E-01
     10890 -1.399086E+00 -3.529391E+00  2.771116E+00
     10891 -4.589674E+00 -5.124074E+00  3.812597E+00
     10892 -1.256472E+00 -3.549929E+00  1.739994E+00
     10893  2.066439E-01 -5.971493E+00 -1.403564E+00
     10894 -4.709149E+00 -1.024115E+01  6.116369E+00
     10895 -7.413171E-02 -6.549867E+00  3.407530E+00
     10896  1.514693E+01 -1.010168E+01  5.472596E+00
     10897  7.740967E+00  2.721240E+00 -4.077259E-01
     10898 -5.050527E-01 -6.620412E+00  5.263908E+00
     10899 -9.208300E-01  4.087505E+00 -1.334861E+00
     10900  1.982740E+00 -1.508303E+01  3.344661E+00
     10901  6.043373E+00  9.627670E-01 -1.254800E+00
     10902  3.531176E+00 -4.250286E-01 -2.239961E+00
     10903  2.049183E-01 -4.029828E+00  1.787128E+00
     10904  9.525262E-01 -1.899114E+00 -3.760545E-02
     10905 -6.370508E-01 -2.831365E+00  6.936889E-01
     10906 -3.588587E-01 -6.945255E-01  1.742246E-01
     10907 -1.337116E+00 -2.495786E+00  1.993515E+00
     10908  2.644401E-01  1.919933E-03  4.820408E-02
     10909 -6.057159E-01 -8.352070E-01  8.082844E-01
     10910 -7.418879E-02 -5.169454E-01  4.416951E-01
     10911 -2.503631E-02 -3.446947E-02  6.826541E-02
     10912 -3.228014E-01 -1.876039E-01  6.027663E-01
     10913 -3.989182E-01 -4.569193E-01  2.358154E-01
     10914 -4.758135E-01 -5.450693E-01  3.677899E-01
     10915 -2.417287E-01 -1.920090E-01  2.088637E-01
     10916  1.360372E-02  8.553972E-03 -1.871209E-02
     10917  4.145443E-03  2.046705E-03 -3.651319E-03
     10918 -1.308490E-02 -1.022839E-02  2.925498E-02
     10919  1.290154E-02  7.933086E-03 -1.747712E-02
     10920 -1.010004E-01 -4.673243E-02  7.361001E-02
     10921 -2.342999E-01 -1.208050E-01  1.781805E-01
     10922  0.000000E+00  0.000000E+00  0.000000E+00
     10923  5.444070E-03  2.728393E-03 -6.826217E-03
     10924  5.142771E-03  2.507249E-03 -4.511207E-03
     10925 -4.913010E-02 -6.733979E-03  3.590720E-02
     10926 -6.166312E-02  3.116236E-03  5.661272E-02
     10927  0.000000E+00  0.000000E+00  0.000000E+00
     10928  0.000000E+00  0.000000E+00  0.000000E+00
     10929  0.000000E+00  0.000000E+00  0.000000E+00
     10930 -1.696356E-02  3.407373E-03  1.134313E-02
     10931  0.000000E+00  0.000000E+00  0.000000E+00
     10932 -7.251659E-03  2.446019E-03  5.226357E-03
     10933 -3.758451E-03  9.564823E-04  2.394306E-03
     10934  2.146353E-07  7.729181E-07  1.031852E-06
     10935 -5.913635E-04  3.737312E-04  4.587009E-04
     10936 -5.944880E-04  4.328087E-04  3.376365E-04
     10937 -7.748305E-04  7.243427E-04  6.421685E-04
     10938 -8.905966E-04  4.743264E-04  4.860094E-04
     10939 -1.232203E-03  6.481429E-04  6.863210E-04
     10940 -1.477773E-03  8.937441E-04  7.781017E-04
     10941 -2.842288E-03  1.476062E-03  1.649080E-03
     10942 -1.870163E-02  3.591548E-03  1.057582E-02
     10943 -1.047557E-02  2.312729E-03  6.531986E-03
     10944 -1.702181E-02  4.465827E-03  9.553757E-03
     10945 -3.231195E-02  6.628109E-06  1.347097E-02
     10946 -9.642322E-03  2.744774E-03  4.522722E-03
     10947 -9.870208E-03  3.154039E-03  5.526078E-03
     10948 -4.751111E-05  4.934773E-05  3.996562E-05
     10949 -5.075223E-05  6.026936E-05  4.934047E-05
     10950 -1.075375E-04  1.128720E-04  7.559598E-05
     10951 -2.801685E-05  2.448573E-05  1.844113E-05
     10952 -1.646509E-05  1.775477E-05  1.724430E-05
     10953 -1.735231E-05  2.355555E-05  1.441083E-05
     10954 -2.823709E-05  4.424371E-05  2.642217E-05
     10955 -4.080907E-02 -2.641627E-03  1.614267E-02
     10956 -5.126496E-02 -4.405022E-03  2.830739E-02
     10957 -9.272302E-02 -3.812876E-02  3.055676E-02
     10958 -2.742450E-04  2.753846E-04  2.207662E-04
     10959 -1.507193E-04  1.846387E-04  1.357100E-04
     10960 -7.829868E-03  3.209858E-03  4.392084E-03
     10961 -3.834754E-03  2.305843E-03  2.520086E-03
     11110 -5.073707E+01 -2.114385E+01  2.094572E+01
     11249  3.171990E+00  1.449469E+01 -1.269672E+01
     14467 -1.661531E+00 -1.964860E+00  7.248751E-01
     14547 -1.535684E-01 -6.108583E-02  1.105738E-01
     14550 -9.058673E-01 -7.089456E-01  3.724100E-01
     14557 -1.852533E-01 -4.827212E-02  8.492030E-02
     14585 -3.738569E-01 -3.672441E-01  3.444660E-01
     14586 -4.393710E-01 -1.881040E-01  1.812982E-01
     14623 -4.985023E-02  1.115688E-03  3.583580E-02
     14624 -7.798638E-02 -3.668904E-03  6.353348E-02
     14632 -7.801565E-03  2.464489E-03  4.279745E-03
     14640 -1.884448E-01 -1.094429E-01  1.073554E-01
     14643 -2.148415E-02  3.574987E-03  1.241017E-02
     14644 -2.479676E-08 -5.893148E-08  1.129321E-07
     14648 -1.321135E-03  6.958131E-04  2.978316E-04
     14650 -3.010133E-02 -2.510919E-03  2.169245E-02
     14651 -1.777707E-03  6.726075E-04  3.345271E-04
     14660 -1.071524E-02  8.917261E-04  7.546859E-03
     14662 -5.191729E-07  2.124533E-06  2.265127E-07
     14680 -3.954592E-08  9.872968E-09  6.388040E-08
     14699 -1.323071E-05  4.519825E-05  3.690879E-06
     14700 -1.924564E-06  1.406835E-05  3.910943E-06
     14701  8.710575E-07  1.178166E-07 -4.940884E-08
     14712 -1.826532E-06  6.229455E-06  2.248832E-06
     14713  5.044897E-08  4.224228E-07  6.670300E-08
     14714  6.175885E-08  6.312972E-08  6.731347E-08
     14718 -1.367086E-07  1.020203E-06 -1.303909E-07
     14721 -1.032762E-07  2.715286E-06 -4.602189E-08
     14748 -4.990657E-03  1.208785E-03  3.240482E-03

 total force (fx,fy,fz) for set NBOT and time  0.1341250E+02

        6.360190E+00  2.262636E+00  3.040068E+02

                                INCREMENT    15


 forces (fx,fy,fz) for set NBOT and time  0.1591250E+02

         1  8.147788E-09 -1.265716E-08 -3.719760E-08
         2  2.800962E-09 -4.398215E-08 -1.646462E-08
         3 -1.834709E-04 -2.852689E-04  4.356808E-04
         9  7.095338E-10  3.440854E-08  5.316453E-08
        11  3.654343E-09  1.145446E-07 -1.134522E-08
        12  1.399780E-07 -1.525823E-07 -1.312576E-07
        13  6.364170E-07 -1.493933E-06 -3.978706E-07
        14  5.348604E-07 -2.694185E-06  8.642736E-07
        15 -7.828738E-08 -6.479099E-06  5.349082E-06
        16 -1.279161E-05 -1.829966E-05  5.082593E-05
        17 -6.325298E-05 -7.876012E-05  1.067559E-04
        18 -8.845675E-08  1.553937E-07  2.754806E-07
        19 -1.188986E-06  6.680811E-07  2.081440E-06
        20 -7.113866E-06  3.914996E-06  9.348218E-06
        21 -1.802355E-05  5.442180E-06  2.506356E-05
        22 -6.750134E-05  7.881974E-06  7.646827E-05
        23 -1.642931E-04  9.347957E-05  2.954376E-04
        24 -8.103860E-04 -1.260477E-05  9.743450E-04
        25 -7.438421E-04 -1.251626E-03  1.688004E-03
        26 -2.239236E-03 -4.134400E-03  3.838662E-03
        27 -3.629967E-03 -1.152623E-02  1.036100E-02
       407 -2.656410E-03 -2.589882E-04  3.045730E-03
       408 -9.664555E-03 -2.284992E-03  9.097945E-03
       409 -2.677785E-02 -1.280659E-02  2.462190E-02
       410 -8.470145E-02 -5.725899E-02  7.460337E-02
       849 -1.587593E-08 -1.563771E-07 -1.860233E-07
       850  6.065343E-06 -9.466303E-06 -3.707933E-06
       851  4.170937E-05 -2.848872E-05 -7.717415E-06
       852  2.101465E-04 -4.923575E-05 -5.803124E-06
       853  6.372265E-04  1.068281E-04  1.014445E-04
       854  1.544109E-03  6.392386E-04  5.503080E-04
       855  2.772775E-04 -1.214746E-03 -1.493197E-03
       856  7.292516E-03 -2.211203E-02 -3.543625E-02
       857  1.942429E-02 -9.270239E-02 -2.610307E-01
       858 -3.400984E-02 -2.627586E-01 -7.359549E-01
       859 -8.176733E-01 -5.344513E-01 -8.014102E-01
       860 -7.438339E+00 -4.389839E+00  3.577565E+00
       861 -3.222620E+00 -1.981858E+00  1.018760E+01
       862  4.904492E+01  3.206941E+01 -3.613911E+01
       863 -2.140848E+01 -6.321135E+01  4.296396E+01
       864 -1.224741E+01 -2.288473E+01  7.554167E+00
       865  6.627811E-01  1.224847E+00 -4.497415E+00
       866  2.189100E+00  4.185563E-01  3.069720E-01
       867  5.415910E-01  4.361564E-01  1.400908E+00
       868  1.961193E-01 -3.683418E-01  9.301570E-01
       869  5.280940E-01  5.501921E-01 -1.560064E-01
       870  6.095268E-02  7.808213E-02 -1.482763E-01
       871  4.493271E-02  3.540165E-02 -7.513919E-02
       872  1.313488E-02  7.665152E-03 -1.495026E-02
       873  0.000000E+00  0.000000E+00  0.000000E+00
       874  0.000000E+00  0.000000E+00  0.000000E+00
       875  0.000000E+00  0.000000E+00  0.000000E+00
       876  1.207250E-08  1.933486E-09  7.721015E-08
       877  7.188529E-07  1.946592E-06  3.347110E-06
       878 -2.799553E-06  3.335227E-05  3.093888E-05
       879 -4.077130E-05  1.823621E-04  1.707461E-04
       880 -3.980992E-04  7.333623E-04  7.532930E-04
       881 -1.877088E-03  2.129564E-03  2.116333E-03
       882 -6.720488E-03  2.738729E-03  2.319314E-03
       883 -1.271661E-02 -1.100252E-02 -2.043778E-02
       884 -4.554120E-02 -1.010890E-01 -1.674740E-01
       885 -3.340336E-01 -5.151592E-01 -5.906684E-01
       886 -1.798840E+00 -1.535762E+00 -3.203556E-01
       887 -6.629107E+00 -4.276939E+00  5.504603E+00
       888 -1.384618E+01 -9.147897E+00  2.511201E+01
       889  8.486081E+00  1.565181E+00 -1.913892E+01
       890 -5.752417E+00  3.915063E+01 -2.051666E+01
       891 -2.081601E+00 -3.696817E+00 -9.422650E+00
       892 -1.378193E-01 -2.376019E+00  5.593693E+00
       893  2.865327E+00  1.725647E+00 -6.235799E+00
       894  9.332161E-01 -2.159623E+00  2.398777E+00
       895  8.103656E-02 -2.794655E-01 -2.696835E-02
       896  3.327170E-02  8.980972E-02 -1.321832E-01
       897  2.470329E-02  3.374002E-02 -6.047702E-02
       898  1.069360E-02  9.182200E-03 -1.698123E-02
       899  3.315573E-03  2.027140E-03 -3.482214E-03
       900  0.000000E+00  0.000000E+00  0.000000E+00
       901  0.000000E+00  0.000000E+00  0.000000E+00
       902  0.000000E+00  0.000000E+00  0.000000E+00
       903  0.000000E+00  0.000000E+00  0.000000E+00
       904  3.363340E-08  1.202471E-08 -5.790747E-08
       905 -2.577458E-09 -5.289891E-10 -1.228487E-09
       906  3.990816E-08  3.922186E-08  8.494411E-08
      1014 -2.702295E+01  2.924097E+02 -3.321874E+02
      1129 -2.627439E+01 -1.322225E+01  4.415383E+01
      1245 -3.408100E+01 -2.075216E+02  3.708172E+02
      1273 -5.998298E+00  1.524494E+00 -1.287779E+01
      1555 -3.928600E+00  2.863709E+01 -2.209111E+01
      3181  0.000000E+00  0.000000E+00  0.000000E+00
      3215  0.000000E+00  0.000000E+00  0.000000E+00
      3216  0.000000E+00  0.000000E+00  0.000000E+00
      3220  0.000000E+00  0.000000E+00  0.000000E+00
      3221  0.000000E+00  0.000000E+00  0.000000E+00
      3225  5.194105E-03  3.779326E-03 -6.287262E-03
      3226 -5.129298E-02 -2.901624E-02  5.654146E-02
      3230 -6.781167E-02 -6.895647E-02  1.605147E-01
      3231 -1.307254E-01 -9.952913E-02  2.034198E-01
      3235 -1.449877E-01 -1.941378E-01  3.915392E-01
      3236 -1.382634E-01 -2.154466E-01  3.816640E-01
      3240 -7.323093E-01 -1.453141E+00  1.114066E+00
      3241 -3.422120E-01 -9.324988E-01  8.612791E-01
      3245 -8.095511E-01 -2.390518E+00  2.392468E+00
      3250 -1.051041E+00 -6.056278E+00  4.472232E+00
      3269  1.445746E+00  1.167100E+01 -2.335722E+01
      3275  3.096644E+01  5.505144E+01 -6.467817E+01
      3277  1.897756E+01  3.766002E+01 -4.433287E+01
      5644 -8.780840E+01 -6.537752E+01  1.199815E+02
      5645 -3.694069E+01 -1.663966E+01  6.418016E+01
      5649  2.944475E+01 -6.782633E+01  7.599355E+01
      5650 -8.652836E+01 -6.731457E+01  1.102011E+02
      5652  1.846983E+01  7.560839E+01 -1.148812E+02
      5653  3.389327E+01  1.006751E+02 -1.724277E+02
      5654 -1.714275E+01  1.630760E+01 -3.309314E+01
      5655 -1.435160E+01  7.012515E+01 -2.057880E+02
      5656 -1.004678E+01 -1.661168E+00  1.910504E+01
      5657  4.817422E+00  1.500953E+00 -5.732804E+00
      5658 -7.800671E+01 -5.067753E+01  1.947588E+02
      5924  2.574945E+01  1.924537E+02 -3.234466E+02
      5925  1.981027E+01  2.588191E+01 -1.774259E+02
      6030 -2.676097E+01  7.216444E-01 -7.687837E+00
      6031 -3.527558E+01  3.394550E+01 -4.907520E+01
      6032 -6.303740E+01  2.462723E+01  1.875238E+01
      6033  1.914132E+02  4.966533E+01 -3.169040E+02
      6402 -2.579051E+01  1.216606E+01  4.163839E+01
      6688 -1.946401E+02 -4.037054E+02  9.113202E+02
      6869  6.256186E+02  1.119369E+02 -2.235229E+02
      6875 -5.578706E+01 -6.137402E+00  1.707394E+02
      6964 -6.545413E+01 -8.153931E+01  2.590952E+02
     10794 -8.189289E-09  8.598517E-08  6.870595E-08
     10795  6.342171E-09  9.077802E-08  5.452370E-08
     10796 -1.659788E-04 -7.022559E-05  1.413022E-04
     10797 -1.922063E-04 -7.110671E-04  8.033587E-04
     10798 -2.906075E-06 -1.331995E-06 -3.316349E-06
     10799 -8.550835E-03  8.179151E-04  3.644764E-03
     10800 -3.207354E-05 -5.281347E-06 -3.112554E-05
     10801  5.349683E-07  4.295173E-07 -3.709597E-07
     10802 -1.586254E-02 -1.939644E-02 -1.975388E-02
     10803  7.145596E-05 -1.993028E-04 -1.135700E-04
     10804 -1.706876E-01 -2.103195E-01 -1.007445E-02
     10805 -4.661385E-01 -5.952784E-01  3.968948E-03
     10806 -8.054623E-01 -6.800880E-01  8.090762E-01
     10807  3.867612E-07 -7.727885E-07 -9.302353E-08
     10808 -4.451534E+00 -5.296877E-01  1.868708E+00
     10809  6.758251E-04 -1.765491E-04  3.901644E-05
     10810  6.042655E-03 -8.707917E-03 -4.247541E-03
     10811  6.932659E-02  6.890313E-03 -3.554859E-03
     10812 -5.074845E-06 -4.828055E-06 -2.351278E-07
     10813  7.499846E-04 -6.128247E-04 -3.080387E-04
     10814 -1.353209E-04  1.583644E-05  5.319816E-05
     10815 -1.455106E-06  5.033850E-08  1.702974E-07
     10816 -1.116702E-06  2.349774E-07  1.799443E-07
     10817  3.537533E-04  1.515636E-04 -6.728624E-05
     10818  5.248772E-05  2.814650E-05 -5.920355E-05
     10819 -1.994718E-04  6.646619E-04  4.906375E-04
     10820  7.445325E-06 -1.120094E-06 -7.847745E-06
     10821 -1.667076E-03 -4.337940E-05  3.700849E-03
     10822  4.473644E-06 -1.610528E-05  3.464645E-06
     10823  3.486732E-01  8.697866E-01  1.399291E-01
     10824 -2.969497E+01  3.374550E+00  1.381312E+01
     10825  1.791770E-01  1.930067E-01  1.668167E-02
     10826 -1.329016E-02 -1.314104E-02  1.046438E-02
     10827 -6.625218E-07 -6.908383E-08 -7.610538E-07
     10828  2.877758E-06 -5.559247E-05 -3.208311E-05
     10829  9.844145E-08  5.772092E-07  6.852958E-07
     10830  4.518140E-09  1.410462E-07  1.373111E-07
     10831  2.047406E-08  9.005511E-08  1.511774E-08
     10832 -1.320197E-07  4.889047E-07  3.294784E-07
     10833 -1.724230E-06  2.517490E-06  1.845317E-06
     10834  1.851251E-08  7.094246E-09  3.385813E-08
     10835 -9.843767E-04  3.451687E-04  8.892861E-04
     10836 -1.506871E-03  5.543615E-04  1.219524E-03
     10837 -2.858095E-03  9.852979E-04  2.254579E-03
     10838  0.000000E+00  0.000000E+00  0.000000E+00
     10839 -1.254555E-03  4.279591E-04  8.820844E-04
     10840 -3.543360E-06  5.214251E-06  4.466454E-06
     10841 -1.500069E-05  1.232236E-05  1.440253E-05
     10842 -2.193325E-05  1.982570E-05  1.645010E-05
     10843 -1.080672E-05  1.443416E-05  9.475651E-06
     10844 -2.633075E-06  4.787798E-06  4.042739E-06
     10845 -1.331544E-05  1.754592E-05  1.278189E-05
     10846 -2.850091E-05  1.449588E-05  2.729943E-05
     10847 -4.933828E-05  2.857088E-05  4.127440E-05
     10848 -2.164919E-05  2.007492E-05  1.882584E-05
     10849 -8.669698E-05  4.493480E-05  7.701331E-05
     10850 -1.736946E-04  9.715730E-05  1.742124E-04
     10851 -4.736482E-05  3.278012E-05  3.543077E-05
     10852 -1.440872E-04  1.928575E-04  1.322755E-04
     10853 -6.931955E-04  3.180001E-04  6.219456E-04
     10854 -2.506065E-05  5.325743E-05  7.357578E-05
     10855 -2.908292E-04  3.074447E-04  4.370053E-04
     10856 -1.752578E-04  1.368292E-04  1.526837E-04
     10857 -5.986572E-04  3.418723E-04  5.266881E-04
     10858 -1.097579E-05  4.338116E-05  2.596409E-05
     10859 -2.644292E-06  7.046544E-06  4.927899E-06
     10860 -4.649344E-07  1.737009E-08  1.367287E-06
     10861  2.786329E-06 -1.943963E-06 -3.315100E-07
     10862 -3.737790E-06  1.054948E-05  8.280038E-06
     10863 -1.261130E-04  2.332553E-04  1.435704E-04
     10864 -2.704062E-05  8.252981E-05  5.347581E-05
     10865 -3.926312E-05  7.016066E-05  4.612016E-05
     10866 -7.968472E-04  9.023185E-04  5.975743E-04
     10867 -2.100066E-04  4.059114E-04  2.798041E-04
     10868 -2.139223E-04  3.095490E-04  2.174638E-04
     10869 -3.620698E-03  2.844340E-03  2.252905E-03
     10870 -1.202092E-03  1.447755E-03  1.179156E-03
     10871 -1.189284E-03  1.125559E-03  9.964592E-04
     10872 -1.134553E-02  6.241728E-03  5.625872E-03
     10873 -4.847108E-03  3.804525E-03  3.626871E-03
     10874 -6.081706E-03  3.683301E-03  3.862829E-03
     10875 -1.857228E-02  7.387423E-03  3.869841E-03
     10876 -1.327136E-02  5.794722E-03  6.227625E-03
     10877 -1.678131E-02  6.075363E-03  8.690311E-03
     10878 -4.253282E-02 -1.146261E-03 -2.396031E-03
     10879 -1.106240E-01 -7.297927E-02 -5.263252E-02
     10880 -7.779683E-02 -3.909645E-03 -3.119720E-03
     10881 -5.056427E-02 -6.237908E-03  1.084932E-02
     10882 -7.410962E-01 -8.187248E-01  4.947971E-01
     10883 -7.233591E-01 -5.355712E-01  4.837875E-02
     10884 -4.088201E-01 -1.635465E-01  2.292634E-01
     10885 -3.013655E-01 -2.784658E-01  1.277540E-01
     10886 -1.419943E-01 -7.296370E-02  3.598199E-02
     10887 -2.289024E+00 -2.858788E+00  2.062102E+00
     10888 -2.535766E+00 -2.106981E+00  1.037562E+00
     10889 -5.764223E-01 -9.414303E-01  3.685511E-01
     10890 -1.663454E+00 -4.188527E+00  3.288436E+00
     10891 -5.448104E+00 -6.080286E+00  4.524623E+00
     10892 -1.493696E+00 -4.212026E+00  2.066514E+00
     10893  2.382521E-01 -7.087985E+00 -1.663898E+00
     10894 -5.588303E+00 -1.214962E+01  7.256832E+00
     10895 -9.273820E-02 -7.770907E+00  4.045301E+00
     10896  1.796767E+01 -1.199796E+01  6.504477E+00
     10897  9.188069E+00  3.234771E+00 -4.845862E-01
     10898 -6.058794E-01 -7.853018E+00  6.249710E+00
     10899 -1.128793E+00  4.811793E+00 -1.554732E+00
     10900  2.342797E+00 -1.787363E+01  3.982849E+00
     10901  7.177336E+00  1.142232E+00 -1.488831E+00
     10902  4.179405E+00 -5.088041E-01 -2.652908E+00
     10903  2.340193E-01 -4.784273E+00  2.125158E+00
     10904  1.123708E+00 -2.255336E+00 -4.200277E-02
     10905 -7.609405E-01 -3.360617E+00  8.253161E-01
     10906 -4.270069E-01 -8.245009E-01  2.073902E-01
     10907 -1.591246E+00 -2.962260E+00  2.367345E+00
     10908  3.145674E-01  2.167604E-03  5.687519E-02
     10909 -7.198401E-01 -9.915395E-01  9.598239E-01
     10910 -8.920149E-02 -6.138200E-01  5.246320E-01
     10911 -2.973841E-02 -4.092992E-02  8.105608E-02
     10912 -3.834919E-01 -2.226311E-01  7.157363E-01
     10913 -4.741377E-01 -5.424072E-01  2.801249E-01
     10914 -5.653439E-01 -6.469019E-01  4.368786E-01
     10915 -2.872585E-01 -2.279956E-01  2.481137E-01
     10916  1.615529E-02  1.015838E-02 -2.222173E-02
     10917  4.923662E-03  2.431682E-03 -4.337772E-03
     10918 -1.554351E-02 -1.215034E-02  3.474892E-02
     10919  1.532141E-02  9.421040E-03 -2.075514E-02
     10920 -1.199635E-01 -5.553334E-02  8.743463E-02
     10921 -2.784136E-01 -1.434032E-01  2.117094E-01
     10922  0.000000E+00  0.000000E+00  0.000000E+00
     10923  6.466170E-03  3.241606E-03 -8.109167E-03
     10924  6.108218E-03  2.978858E-03 -5.359307E-03
     10925 -5.838280E-02 -8.012568E-03  4.266706E-02
     10926 -7.328739E-02  3.694409E-03  6.727423E-02
     10927  0.000000E+00  0.000000E+00  0.000000E+00
     10928  0.000000E+00  0.000000E+00  0.000000E+00
     10929  0.000000E+00  0.000000E+00  0.000000E+00
     10930 -2.016260E-02  4.045888E-03  1.348004E-02
     10931  0.000000E+00  0.000000E+00  0.000000E+00
     10932 -8.621639E-03  2.905812E-03  6.212746E-03
     10933 -4.468389E-03  1.136549E-03  2.846489E-03
     10934  2.551494E-07  9.188140E-07  1.226617E-06
     10935 -7.029732E-04  4.443470E-04  5.453260E-04
     10936 -7.067673E-04  5.144707E-04  4.013755E-04
     10937 -9.211929E-04  8.610258E-04  7.633778E-04
     10938 -1.058815E-03  5.637574E-04  5.777825E-04
     10939 -1.465027E-03  7.702972E-04  8.158859E-04
     10940 -1.756921E-03  1.062235E-03  9.249707E-04
     10941 -3.379277E-03  1.754102E-03  1.960439E-03
     10942 -2.223423E-02  4.263519E-03  1.257110E-02
     10943 -1.245020E-02  2.745537E-03  7.763032E-03
     10944 -2.023473E-02  5.301843E-03  1.135806E-02
     10945 -3.840986E-02  3.584926E-06  1.601308E-02
     10946 -1.146438E-02  3.260153E-03  5.375857E-03
     10947 -1.174154E-02  3.746865E-03  6.570995E-03
     10948 -5.647818E-05  5.866353E-05  4.751002E-05
     10949 -6.033080E-05  7.164719E-05  5.865361E-05
     10950 -1.278366E-04  1.341792E-04  8.986688E-05
     10951 -3.330543E-05  2.910868E-05  2.192261E-05
     10952 -1.957271E-05  2.110657E-05  2.049940E-05
     10953 -2.062720E-05  2.800213E-05  1.713094E-05
     10954 -3.356519E-05  5.259425E-05  3.140916E-05
     10955 -4.854077E-02 -3.141898E-03  1.920769E-02
     10956 -6.093072E-02 -5.244341E-03  3.365222E-02
     10957 -1.101995E-01 -4.527848E-02  3.633210E-02
     10958 -3.260194E-04  3.273584E-04  2.624342E-04
     10959 -1.791630E-04  2.194854E-04  1.613231E-04
     10960 -9.307345E-03  3.812806E-03  5.221017E-03
     10961 -4.560523E-03  2.740382E-03  2.995817E-03
     11110 -6.023899E+01 -2.509814E+01  2.486791E+01
     11249  3.696988E+00  1.713716E+01 -1.504675E+01
     14467 -1.974956E+00 -2.332479E+00  8.610530E-01
     14547 -1.824186E-01 -7.257734E-02  1.313431E-01
     14550 -1.075967E+00 -8.417621E-01  4.422127E-01
     14557 -2.201088E-01 -5.735640E-02  1.008886E-01
     14585 -4.440284E-01 -4.360881E-01  4.090703E-01
     14586 -5.219830E-01 -2.233701E-01  2.153501E-01
     14623 -5.923124E-02  1.316481E-03  4.257956E-02
     14624 -9.266841E-02 -4.374791E-03  7.548240E-02
     14632 -9.273914E-03  2.928047E-03  5.087266E-03
     14640 -2.238587E-01 -1.299820E-01  1.275013E-01
     14643 -2.553546E-02  4.244741E-03  1.475000E-02
     14644 -2.947742E-08 -7.005487E-08  1.342489E-07
     14648 -1.570632E-03  8.271673E-04  3.540817E-04
     14650 -3.577227E-02 -2.989479E-03  2.578054E-02
     14651 -2.113502E-03  7.995791E-04  3.977321E-04
     14660 -1.273711E-02  1.058028E-03  8.971326E-03
     14662 -6.171665E-07  2.525544E-06  2.692670E-07
     14680 -4.700970E-08  1.173628E-08  7.593778E-08
     14699 -1.572685E-05  5.372912E-05  4.387549E-06
     14700 -2.287735E-06  1.672400E-05  4.649184E-06
     14701  1.035471E-06  1.400521E-07 -5.872625E-08
     14712 -2.171241E-06  7.405299E-06  2.673302E-06
     14713  5.997113E-08  5.021571E-07  7.929391E-08
     14714  7.341590E-08  7.504590E-08  8.001991E-08
     14718 -1.624773E-07  1.212775E-06 -1.549679E-07
     14721 -1.227720E-07  3.227808E-06 -5.470813E-08
     14748 -5.933258E-03  1.436187E-03  3.852749E-03

 total force (fx,fy,fz) for set NBOT and time  0.1591250E+02

        8.053737E+00  3.291691E+00  3.601511E+02

                                INCREMENT    20


 forces (fx,fy,fz) for set NBOT and time  0.1841250E+02

         1  8.056781E-09 -1.241214E-08 -3.639093E-08
         2  2.762206E-09 -4.299756E-08 -1.610682E-08
         3 -1.715086E-04 -2.769432E-04  4.102709E-04
         9  5.598929E-10  3.381022E-08  5.202226E-08
        11  3.568744E-09  1.119414E-07 -1.107343E-08
        12  1.368353E-07 -1.488198E-07 -1.287792E-07
        13  6.245924E-07 -1.458640E-06 -3.877173E-07
        14  5.174177E-07 -2.619636E-06  8.564948E-07
        15 -6.626077E-08 -6.270023E-06  5.196552E-06
        16 -1.197718E-05 -1.764311E-05  4.835067E-05
        17 -5.875843E-05 -7.697621E-05  9.986473E-05
        18 -8.643641E-08  1.519744E-07  2.694321E-07
        19 -1.162551E-06  6.537604E-07  2.035530E-06
        20 -6.948454E-06  3.816002E-06  9.122882E-06
        21 -1.750516E-05  5.257668E-06  2.430891E-05
        22 -6.487412E-05  7.696164E-06  7.351942E-05
        23 -1.585104E-04  9.026783E-05  2.832721E-04
        24 -7.819760E-04  5.301822E-07  9.322270E-04
        25 -7.473059E-04 -1.244809E-03  1.628920E-03
        26 -2.414890E-03 -4.280786E-03  3.918459E-03
        27 -3.939596E-03 -1.272666E-02  1.144305E-02
       407 -2.627314E-03 -1.920320E-04  2.963558E-03
       408 -9.947528E-03 -2.139390E-03  9.251199E-03
       409 -2.883355E-02 -1.377791E-02  2.664245E-02
       410 -9.543671E-02 -6.615799E-02  8.525293E-02
       849 -1.589017E-08 -1.529927E-07 -1.807822E-07
       850  5.970991E-06 -9.344156E-06 -3.690971E-06
       851  4.062665E-05 -2.821255E-05 -7.893557E-06
       852  1.991160E-04 -4.709103E-05  4.955321E-07
       853  5.869969E-04  9.222861E-05  1.419465E-04
       854  1.380155E-03  3.999672E-04  6.880001E-04
       855  8.521451E-04 -3.817058E-03 -3.818888E-03
       856  1.428725E-02 -3.670220E-02 -5.623644E-02
       857  2.196943E-02 -1.354891E-01 -3.668769E-01
       858 -8.313940E-02 -3.309638E-01 -9.351399E-01
       859 -1.311187E+00 -5.791245E-01 -6.009043E-01
       860 -1.081796E+01 -5.819584E+00  6.830113E+00
       861 -4.929548E+00 -2.416734E+00  1.631244E+01
       862  7.056134E+01  3.753392E+01 -5.231118E+01
       863 -3.230358E+01 -1.068618E+02  7.310958E+01
       864 -2.501632E+01 -4.504309E+01  1.476006E+01
       865  1.729326E+00  3.418113E+00 -1.076002E+01
       866  5.277695E+00  3.155351E+00 -2.898698E+00
       867  8.923513E-01  6.652692E-01  7.075376E-01
       868  1.975274E-01 -3.989537E-01  1.010558E+00
       869  4.708446E-01  6.408629E-01 -1.530372E-01
       870  6.589223E-02  9.263527E-02 -1.765607E-01
       871  5.021779E-02  4.227064E-02 -8.907930E-02
       872  1.502451E-02  8.964832E-03 -1.771106E-02
       873  0.000000E+00  0.000000E+00  0.000000E+00
       874  0.000000E+00  0.000000E+00  0.000000E+00
       875  0.000000E+00  0.000000E+00  0.000000E+00
       876  1.177424E-08  1.706583E-09  7.573407E-08
       877  7.098408E-07  1.912134E-06  3.284150E-06
       878 -2.662856E-06  3.303449E-05  3.074174E-05
       879 -3.807384E-05  1.835655E-04  1.743423E-04
       880 -3.705466E-04  7.493652E-04  7.752442E-04
       881 -1.672894E-03  2.043931E-03  2.047002E-03
       882 -5.166745E-03  7.716711E-04 -5.175271E-04
       883 -5.837792E-03 -2.385353E-02 -4.045724E-02
       884 -3.366843E-02 -1.526422E-01 -2.559397E-01
       885 -4.107557E-01 -6.946505E-01 -7.811457E-01
       886 -2.508959E+00 -1.910211E+00  8.199472E-02
       887 -9.457142E+00 -5.126591E+00  9.811200E+00
       888 -1.922123E+01 -1.059416E+01  3.906108E+01
       889  1.209014E+01  1.012117E+00 -2.941888E+01
       890 -6.195368E+00  6.371300E+01 -3.599105E+01
       891 -6.802069E-01 -4.442292E-01 -2.235096E+01
       892 -3.006605E-01 -4.832824E+00  1.070557E+01
       893  6.149766E+00  7.977591E+00 -1.822541E+01
       894  3.075977E+00 -2.239876E-01 -1.310297E+00
       895  2.349939E-01 -3.239362E-01 -5.148045E-02
       896  2.280129E-02  1.007218E-01 -1.555427E-01
       897  2.568883E-02  4.002120E-02 -7.336998E-02
       898  1.189250E-02  1.098545E-02 -2.033395E-02
       899  3.784049E-03  2.376664E-03 -4.149612E-03
       900  0.000000E+00  0.000000E+00  0.000000E+00
       901  0.000000E+00  0.000000E+00  0.000000E+00
       902  0.000000E+00  0.000000E+00  0.000000E+00
       903  0.000000E+00  0.000000E+00  0.000000E+00
       904  3.289941E-08  1.174306E-08 -5.655075E-08
       905 -2.522809E-09 -5.119360E-10 -1.194347E-09
       906  3.901140E-08  3.835065E-08  8.302343E-08
      1014 -4.791740E+01  4.437114E+02 -4.928668E+02
      1129 -4.076146E+01 -2.167915E+01  6.901309E+01
      1245 -6.051813E+01 -2.702191E+02  5.253194E+02
      1273 -7.336382E+00  1.405857E+00 -1.825815E+01
      1555 -5.663143E+00  3.628262E+01 -3.099522E+01
      3181  0.000000E+00  0.000000E+00  0.000000E+00
      3215  0.000000E+00  0.000000E+00  0.000000E+00
      3216  0.000000E+00  0.000000E+00  0.000000E+00
      3220  0.000000E+00  0.000000E+00  0.000000E+00
      3221  0.000000E+00  0.000000E+00  0.000000E+00
      3225  5.971284E-03  4.407260E-03 -7.352966E-03
      3226 -5.867297E-02 -3.391144E-02  6.699496E-02
      3230 -7.605415E-02 -8.215384E-02  1.879134E-01
      3231 -1.451243E-01 -1.192322E-01  2.434646E-01
      3235 -1.611098E-01 -2.328947E-01  4.641416E-01
      3236 -1.429237E-01 -2.566484E-01  4.602612E-01
      3240 -7.174858E-01 -1.657959E+00  1.266734E+00
      3241 -2.359787E-01 -1.132079E+00  9.961355E-01
      3245 -5.948299E-01 -2.512983E+00  2.546073E+00
      3250  1.805898E+00 -4.857509E+00  3.626140E+00
      3269  3.204240E+00  2.613095E+01 -4.633444E+01
      3275  5.390777E+01  1.063939E+02 -1.137283E+02
      3277  3.272996E+01  7.233298E+01 -8.246101E+01
      5644 -1.255991E+02 -8.260771E+01  1.752213E+02
      5645 -5.175303E+01 -1.551194E+01  9.995458E+01
      5649  4.634588E+01 -9.514315E+01  1.045358E+02
      5650 -1.203277E+02 -7.507977E+01  1.570660E+02
      5652  2.940950E+01  1.325055E+02 -1.937487E+02
      5653  5.351001E+01  1.780732E+02 -2.868598E+02
      5654 -2.578291E+01  3.748191E+01 -6.360126E+01
      5655 -2.194457E+01  1.243280E+02 -3.334652E+02
      5656 -1.234916E+01  9.127919E+00  1.737712E+01
      5657  9.004138E+00  1.273791E+01 -1.928733E+01
      5658 -1.095660E+02 -4.443651E+01  2.755099E+02
      5924  3.978677E+01  3.124751E+02 -5.086739E+02
      5925  3.062685E+01  4.918230E+01 -2.782957E+02
      6030 -4.001295E+01  9.856320E+00 -1.903642E+01
      6031 -5.162582E+01  6.637461E+01 -8.243352E+01
      6032 -8.922381E+01  5.442290E+01  1.529240E+01
      6033  2.664568E+02  4.673739E+01 -4.468241E+02
      6402 -3.430187E+01  2.729306E+01  5.354666E+01
      6688 -2.948619E+02 -5.882908E+02  1.346597E+03
      6869  8.765884E+02 -2.850524E+02  9.248371E+01
      6875 -8.037064E+01  1.460872E+01  2.354583E+02
      6964 -9.173400E+01 -9.017750E+01  3.643678E+02
     10794 -7.987956E-09  8.403348E-08  6.706221E-08
     10795  6.194197E-09  8.873142E-08  5.331104E-08
     10796 -1.498829E-04 -4.928083E-05  1.384609E-04
     10797 -6.560454E-05 -6.327297E-04  7.639360E-04
     10798 -2.803614E-06 -1.316884E-06 -3.240855E-06
     10799 -8.330325E-03  8.168513E-04  3.510827E-03
     10800 -3.167071E-05 -5.436342E-06 -3.072357E-05
     10801  5.226758E-07  4.301886E-07 -3.583368E-07
     10802 -1.793729E-02 -2.481369E-02 -3.790407E-02
     10803  3.331987E-05 -2.088336E-04 -1.024025E-04
     10804 -2.268761E-01 -2.652604E-01 -2.965493E-02
     10805 -8.871829E-01 -7.139435E-01  8.553512E-02
     10806 -9.421044E-01 -2.519749E-01  8.673488E-01
     10807  3.788049E-07 -7.550370E-07 -9.163554E-08
     10808 -6.148223E+00  1.257310E-01  2.135607E+00
     10809  6.546119E-04 -1.682027E-04  3.901851E-05
     10810  6.124880E-03 -9.592799E-03 -4.964900E-03
     10811  7.448683E-02  1.079801E-02 -4.678325E-03
     10812 -4.955915E-06 -4.689997E-06 -8.928615E-08
     10813  7.013644E-04 -6.942317E-04 -4.136953E-04
     10814 -1.289557E-04  3.537233E-05  6.637174E-05
     10815 -1.411651E-06  5.385928E-08  1.671067E-07
     10816 -1.092016E-06  2.297163E-07  1.777252E-07
     10817  3.312155E-04  1.336710E-04 -4.905308E-05
     10818  5.627723E-05  2.861732E-05 -5.136276E-05
     10819  1.257607E-04  3.521798E-04  5.551409E-04
     10820  6.989922E-06 -1.164981E-06 -7.699596E-06
     10821 -2.535239E-03 -4.314706E-04  5.721106E-03
     10822  4.391368E-06 -1.581353E-05  3.368770E-06
     10823  3.540519E-01  9.880078E-01  1.345201E-01
     10824 -3.852597E+01  8.147792E+00  1.846274E+01
     10825  1.874506E-01  2.436047E-01  3.529161E-02
     10826 -1.821084E-02 -1.821337E-02  1.321800E-02
     10827 -6.497014E-07 -6.997657E-08 -7.305647E-07
     10828  3.327235E-06 -5.084092E-05 -2.825658E-05
     10829  9.670970E-08  5.675695E-07  6.728881E-07
     10830  4.306955E-09  1.384880E-07  1.344568E-07
     10831  2.000916E-08  8.803900E-08  1.474498E-08
     10832 -1.293594E-07  4.778348E-07  3.220056E-07
     10833 -1.686501E-06  2.458568E-06  1.804206E-06
     10834  1.810071E-08  6.924809E-09  3.308622E-08
     10835 -9.573895E-04  3.529419E-04  8.583515E-04
     10836 -1.468884E-03  5.718975E-04  1.179319E-03
     10837 -2.845164E-03  1.045201E-03  2.226866E-03
     10838  0.000000E+00  0.000000E+00  0.000000E+00
     10839 -1.221901E-03  4.389188E-04  8.567292E-04
     10840 -3.470497E-06  5.095794E-06  4.367457E-06
     10841 -1.465040E-05  1.200190E-05  1.405288E-05
     10842 -2.138136E-05  1.925699E-05  1.602600E-05
     10843 -1.057487E-05  1.407520E-05  9.257432E-06
     10844 -2.579662E-06  4.680464E-06  3.954870E-06
     10845 -1.305533E-05  1.713860E-05  1.249186E-05
     10846 -2.769157E-05  1.403263E-05  2.651788E-05
     10847 -4.783885E-05  2.769682E-05  4.001460E-05
     10848 -2.112468E-05  1.953962E-05  1.831460E-05
     10849 -8.384254E-05  4.342243E-05  7.431423E-05
     10850 -1.675401E-04  9.458643E-05  1.680747E-04
     10851 -4.595763E-05  3.187087E-05  3.437001E-05
     10852 -1.396330E-04  1.882711E-04  1.269213E-04
     10853 -6.731531E-04  3.150329E-04  6.037183E-04
     10854 -2.386230E-05  5.247253E-05  7.134333E-05
     10855 -2.795064E-04  3.039142E-04  4.232400E-04
     10856 -1.694440E-04  1.338521E-04  1.482303E-04
     10857 -5.693065E-04  3.456777E-04  5.132359E-04
     10858 -1.088814E-05  4.273169E-05  2.563117E-05
     10859 -2.610598E-06  6.941965E-06  4.840806E-06
     10860 -4.577378E-07  1.709113E-08  1.348892E-06
     10861  2.724708E-06 -1.901384E-06 -3.262128E-07
     10862 -3.666272E-06  1.031386E-05  8.084410E-06
     10863 -1.233286E-04  2.308131E-04  1.428897E-04
     10864 -2.674232E-05  8.174848E-05  5.299402E-05
     10865 -3.856327E-05  6.901120E-05  4.545864E-05
     10866 -7.559957E-04  8.970093E-04  5.906477E-04
     10867 -2.021971E-04  4.047764E-04  2.810464E-04
     10868 -2.072843E-04  3.063348E-04  2.148145E-04
     10869 -3.247601E-03  2.802644E-03  2.116640E-03
     10870 -1.082661E-03  1.425301E-03  1.176200E-03
     10871 -1.128548E-03  1.124740E-03  9.701517E-04
     10872 -9.202423E-03  5.906000E-03  4.220102E-03
     10873 -3.954185E-03  3.568022E-03  3.365378E-03
     10874 -5.582262E-03  3.674017E-03  3.571537E-03
     10875 -9.821432E-03  5.911393E-03 -3.999910E-03
     10876 -8.546301E-03  3.735542E-03  2.705085E-03
     10877 -1.465270E-02  5.389385E-03  6.866699E-03
     10878 -3.331750E-02 -7.902781E-03 -1.840461E-02
     10879 -9.089826E-02 -1.119666E-01 -1.027045E-01
     10880 -7.050699E-02 -1.231804E-02 -2.545138E-02
     10881 -4.336748E-02 -1.511511E-02 -7.869627E-05
     10882 -7.816506E-01 -1.112377E+00  6.370180E-01
     10883 -8.869246E-01 -7.362321E-01  3.670092E-02
     10884 -4.325425E-01 -2.387304E-01  2.621315E-01
     10885 -3.070281E-01 -3.789573E-01  1.155641E-01
     10886 -1.500393E-01 -1.064798E-01  2.251797E-02
     10887 -2.790456E+00 -3.680121E+00  2.925375E+00
     10888 -3.335700E+00 -2.905828E+00  1.464900E+00
     10889 -5.750239E-01 -1.247261E+00  4.266178E-01
     10890 -1.610196E+00 -5.145215E+00  3.767431E+00
     10891 -7.104339E+00 -8.188314E+00  6.282836E+00
     10892 -1.295382E+00 -5.759089E+00  2.368070E+00
     10893  1.938386E+00 -8.132124E+00 -4.772784E+00
     10894 -6.676825E+00 -1.582239E+01  9.274598E+00
     10895  1.400231E+00 -9.614237E+00  4.517439E+00
     10896  2.761121E+01 -1.697385E+01  7.431490E+00
     10897  1.215567E+01  3.157902E+00 -1.607817E+00
     10898 -5.360771E-02 -8.850776E+00  7.398336E+00
     10899  3.867317E-01  1.652624E+01 -1.031130E+01
     10900  4.888499E+00 -2.696484E+01  1.753562E+00
     10901  7.678025E+00  5.018048E-01 -2.016143E+00
     10902  7.853342E+00  1.195010E+00 -5.390779E+00
     10903  1.753837E+00 -4.172985E+00  2.558766E+00
     10904  3.489655E+00 -1.818678E+00 -1.424101E+00
     10905  1.721878E-01 -3.063743E+00  1.001719E-01
     10906 -2.132203E-01 -8.973576E-01 -5.952166E-02
     10907 -4.285212E-01 -3.005069E+00  1.780124E+00
     10908  1.839315E-01  4.118641E-02  1.599957E-01
     10909 -4.830226E-01 -1.039479E+00  8.738793E-01
     10910  4.777109E-01 -6.830492E-01  4.376998E-01
     10911 -3.141548E-02 -5.031370E-02  9.765797E-02
     10912 -3.539621E-01 -3.078324E-01  7.769319E-01
     10913 -3.856384E-01 -6.364684E-01  2.572521E-01
     10914 -6.278757E-01 -8.486671E-01  4.947166E-01
     10915 -2.548474E-01 -2.830691E-01  2.489958E-01
     10916  1.799267E-02  1.214341E-02 -2.657559E-02
     10917  5.617056E-03  2.835251E-03 -5.195066E-03
     10918 -1.684915E-02 -1.480118E-02  4.092988E-02
     10919  1.706179E-02  1.127249E-02 -2.481223E-02
     10920 -1.319154E-01 -6.378179E-02  9.728670E-02
     10921 -2.900117E-01 -2.005565E-01  2.219761E-01
     10922  0.000000E+00  0.000000E+00  0.000000E+00
     10923  7.402672E-03  3.793820E-03 -9.581205E-03
     10924  6.968898E-03  3.473270E-03 -6.416994E-03
     10925 -6.177887E-02 -9.385122E-03  4.561696E-02
     10926 -7.644345E-02 -1.456477E-03  7.130528E-02
     10927  0.000000E+00  0.000000E+00  0.000000E+00
     10928  0.000000E+00  0.000000E+00  0.000000E+00
     10929  0.000000E+00  0.000000E+00  0.000000E+00
     10930 -2.085982E-02  4.438087E-03  1.428115E-02
     10931  0.000000E+00  0.000000E+00  0.000000E+00
     10932 -8.437541E-03  3.207277E-03  6.264499E-03
     10933 -4.380569E-03  1.254902E-03  2.820508E-03
     10934  2.492848E-07  8.976968E-07  1.199798E-06
     10935 -6.927975E-04  4.343614E-04  5.310231E-04
     10936 -6.764904E-04  5.159339E-04  3.940765E-04
     10937 -8.595997E-04  8.505791E-04  7.452476E-04
     10938 -1.028687E-03  5.837677E-04  5.681131E-04
     10939 -1.396475E-03  7.996287E-04  8.102201E-04
     10940 -1.692298E-03  1.112536E-03  9.141491E-04
     10941 -3.246977E-03  1.833523E-03  1.912542E-03
     10942 -2.208287E-02  4.172775E-03  1.262364E-02
     10943 -1.285619E-02  3.086527E-03  8.020430E-03
     10944 -1.981309E-02  5.714493E-03  1.082293E-02
     10945 -3.869856E-02 -1.922387E-03  1.530723E-02
     10946 -1.111969E-02  3.333276E-03  5.334575E-03
     10947 -1.034982E-02  3.619756E-03  5.896479E-03
     10948 -5.507077E-05  5.727735E-05  4.631042E-05
     10949 -5.900170E-05  6.999785E-05  5.741963E-05
     10950 -1.239608E-04  1.315226E-04  8.777527E-05
     10951 -3.239542E-05  2.834096E-05  2.130914E-05
     10952 -1.914082E-05  2.055374E-05  2.000134E-05
     10953 -2.019472E-05  2.733742E-05  1.675359E-05
     10954 -3.296937E-05  5.161078E-05  3.079311E-05
     10955 -4.717636E-02 -7.376510E-03  1.548442E-02
     10956 -5.977739E-02 -8.311635E-03  3.229923E-02
     10957 -1.117525E-01 -6.274564E-02  3.200922E-02
     10958 -3.153460E-04  3.253309E-04  2.578319E-04
     10959 -1.732640E-04  2.157401E-04  1.580252E-04
     10960 -9.385565E-03  4.445477E-03  5.183544E-03
     10961 -4.046125E-03  2.743656E-03  2.895363E-03
     11110 -7.978720E+01 -1.961521E+01  3.204598E+01
     11249  1.617322E+01  4.674085E+01 -3.009356E+01
     14467 -1.352449E+00 -2.598335E+00  7.076963E-01
     14547 -1.998004E-01 -8.792942E-02  1.472536E-01
     14550 -1.087981E+00 -1.004845E+00  4.615832E-01
     14557 -2.361830E-01 -7.125823E-02  1.114545E-01
     14585 -4.719345E-01 -5.251824E-01  4.586566E-01
     14586 -5.408727E-01 -2.851607E-01  2.279750E-01
     14623 -6.413582E-02  1.483082E-03  4.729157E-02
     14624 -1.001756E-01 -6.704689E-03  8.489962E-02
     14632 -9.404752E-03  3.208200E-03  5.222460E-03
     14640 -2.431850E-01 -1.623655E-01  1.461664E-01
     14643 -2.656076E-02  4.855413E-03  1.559114E-02
     14644 -2.880885E-08 -6.845217E-08  1.312874E-07
     14648 -1.511156E-03  8.162710E-04  3.418957E-04
     14650 -3.841225E-02 -3.000856E-03  2.782471E-02
     14651 -2.035779E-03  8.018992E-04  3.779815E-04
     14660 -1.313919E-02  1.325943E-03  9.245505E-03
     14662 -6.043534E-07  2.469391E-06  2.635519E-07
     14680 -4.617678E-08  1.158441E-08  7.435858E-08
     14699 -1.557727E-05  5.276462E-05  4.321216E-06
     14700 -2.244221E-06  1.633104E-05  4.541689E-06
     14701  1.011504E-06  1.381621E-07 -5.889861E-08
     14712 -2.134425E-06  7.242476E-06  2.616489E-06
     14713  5.862299E-08  4.909633E-07  7.742406E-08
     14714  7.179160E-08  7.332617E-08  7.807428E-08
     14718 -1.697313E-07  1.188112E-06 -1.601529E-07
     14721 -1.204380E-07  3.156382E-06 -5.338657E-08
     14748 -5.881903E-03  1.575125E-03  3.798047E-03

 total force (fx,fy,fz) for set NBOT and time  0.1841250E+02

        4.291792E+01  3.373136E+01  5.776382E+02

                                INCREMENT    24


 forces (fx,fy,fz) for set NBOT and time  0.2000000E+02

         1  7.353017E-09 -1.105629E-08 -3.221413E-08
         2  2.498471E-09 -3.800187E-08 -1.425943E-08
         3 -1.270907E-04 -2.356090E-04  3.141687E-04
         9  1.548167E-10  3.030685E-08  4.608364E-08
        11  3.147369E-09  9.884162E-08 -9.748590E-09
        12  1.209293E-07 -1.307221E-07 -1.149604E-07
        13  5.590332E-07 -1.283645E-06 -3.396699E-07
        14  4.425676E-07 -2.277530E-06  7.890090E-07
        15 -6.899987E-08 -5.362321E-06  4.549944E-06
        16 -9.184222E-06 -1.498597E-05  3.932791E-05
        17 -4.345053E-05 -6.719158E-05  7.591955E-05
        18 -7.629611E-08  1.344595E-07  2.384083E-07
        19 -1.028051E-06  5.795944E-07  1.801050E-06
        20 -6.131408E-06  3.344386E-06  8.029163E-06
        21 -1.519285E-05  4.477757E-06  2.100948E-05
        22 -5.442184E-05  6.622264E-06  6.173679E-05
        23 -1.330074E-04  7.584894E-05  2.335180E-04
        24 -6.533647E-04  3.374162E-05  7.575480E-04
        25 -6.819928E-04 -1.135821E-03  1.329293E-03
        26 -2.636080E-03 -4.291607E-03  3.716878E-03
        27 -4.234309E-03 -1.460145E-02  1.318078E-02
       407 -2.348259E-03  4.932874E-06  2.512363E-03
       408 -9.871570E-03 -1.485479E-03  8.814119E-03
       409 -3.193239E-02 -1.477257E-02  2.950135E-02
       410 -1.177818E-01 -8.359304E-02  1.063617E-01
       849 -1.490955E-08 -1.350286E-07 -1.563408E-07
       850  5.412018E-06 -8.489423E-06 -3.423757E-06
       851  3.584001E-05 -2.597360E-05 -8.030870E-06
       852  1.617715E-04 -3.872844E-05  1.481598E-05
       853  4.253035E-04  5.799118E-05  2.424296E-04
       854  8.340951E-04 -1.623634E-04  1.141131E-03
       855  2.175214E-03 -9.937858E-03 -8.896183E-03
       856  3.269122E-02 -7.324416E-02 -1.058246E-01
       857  4.828413E-02 -2.518265E-01 -6.382200E-01
       858 -1.225544E-01 -5.365241E-01 -1.516208E+00
       859 -2.285494E+00 -7.859531E-01 -5.107215E-01
       860 -1.849888E+01 -9.387150E+00  1.362355E+01
       861 -8.643230E+00 -3.615884E+00  3.003217E+01
       862  1.225493E+02  5.572610E+01 -9.209089E+01
       863 -6.426241E+01 -2.168899E+02  1.466366E+02
       864 -5.750238E+01 -9.837099E+01  3.164379E+01
       865  3.865630E+00  8.260985E+00 -2.494564E+01
       866  1.249108E+01  9.249883E+00 -9.642098E+00
       867  1.650907E+00  1.157419E+00 -5.794868E-01
       868  2.154548E-01 -5.131594E-01  1.302319E+00
       869  3.647245E-01  8.773675E-01 -1.549314E-01
       870  7.905097E-02  1.278678E-01 -2.448901E-01
       871  6.282379E-02  5.771830E-02 -1.205987E-01
       872  1.922745E-02  1.159433E-02 -2.344668E-02
       873  0.000000E+00  0.000000E+00  0.000000E+00
       874  0.000000E+00  0.000000E+00  0.000000E+00
       875  0.000000E+00  0.000000E+00  0.000000E+00
       876  1.032411E-08  1.031738E-09  6.750957E-08
       877  6.458763E-07  1.710015E-06  2.926687E-06
       878 -2.248266E-06  3.024813E-05  2.834638E-05
       879 -2.960788E-05  1.764342E-04  1.736286E-04
       880 -2.816048E-04  7.615791E-04  8.057175E-04
       881 -1.060202E-03  1.833900E-03  1.926643E-03
       882 -8.376148E-04 -3.702905E-03 -6.822185E-03
       883  1.417652E-02 -5.431686E-02 -8.754693E-02
       884  1.558721E-02 -2.809280E-01 -4.806067E-01
       885 -4.866565E-01 -1.152286E+00 -1.360263E+00
       886 -3.932609E+00 -2.928053E+00  5.614712E-01
       887 -1.570505E+01 -7.544918E+00  1.882004E+01
       888 -3.162962E+01 -1.504025E+01  7.067565E+01
       889  2.086731E+01  2.572250E-01 -5.354110E+01
       890 -5.754275E+00  1.236512E+02 -7.555694E+01
       891  2.134649E+00  7.000060E+00 -5.231844E+01
       892 -8.858915E-01 -1.057502E+01  2.235918E+01
       893  1.442959E+01  2.205179E+01 -4.488304E+01
       894  8.225352E+00  3.796823E+00 -8.920094E+00
       895  6.392657E-01 -4.331983E-01 -1.105871E-01
       896  6.647804E-04  1.315788E-01 -2.177152E-01
       897  2.878397E-02  5.543837E-02 -1.044792E-01
       898  1.479347E-02  1.506706E-02 -2.792218E-02
       899  4.831664E-03  3.082326E-03 -5.521411E-03
       900  0.000000E+00  0.000000E+00  0.000000E+00
       901  0.000000E+00  0.000000E+00  0.000000E+00
       902  0.000000E+00  0.000000E+00  0.000000E+00
       903  0.000000E+00  0.000000E+00  0.000000E+00
       904  2.912009E-08  1.033953E-08 -4.979076E-08
       905 -2.237128E-09 -4.388421E-10 -1.038280E-09
       906  3.447149E-08  3.390981E-08  7.333322E-08
      1014 -9.230540E+01  8.487798E+02 -9.049561E+02
      1129 -7.767224E+01 -4.441235E+01  1.322273E+02
      1245 -9.073144E+01 -4.781767E+02  9.292277E+02
      1273 -1.164616E+01  2.004281E+00 -3.136393E+01
      1555 -1.080483E+01  5.952906E+01 -5.379103E+01
      3181  0.000000E+00  0.000000E+00  0.000000E+00
      3215  0.000000E+00  0.000000E+00  0.000000E+00
      3216  0.000000E+00  0.000000E+00  0.000000E+00
      3220  0.000000E+00  0.000000E+00  0.000000E+00
      3221  0.000000E+00  0.000000E+00  0.000000E+00
      3225  7.673627E-03  5.705396E-03 -9.598410E-03
      3226 -7.508399E-02 -4.381682E-02  8.872423E-02
      3230 -9.460438E-02 -1.107873E-01  2.482315E-01
      3231 -1.802243E-01 -1.638535E-01  3.344078E-01
      3235 -2.005309E-01 -3.237547E-01  6.361298E-01
      3236 -1.586445E-01 -3.570402E-01  6.504174E-01
      3240 -7.136840E-01 -2.189269E+00  1.668329E+00
      3241 -1.518944E-02 -1.652382E+00  1.364126E+00
      3245 -1.482556E-01 -2.985939E+00  3.107055E+00
      3250  8.309452E+00 -2.835337E+00  2.352633E+00
      3269  9.370598E+00  5.971273E+01 -9.845216E+01
      3275  1.138825E+02  2.292593E+02 -2.303679E+02
      3277  6.730520E+01  1.550420E+02 -1.718680E+02
      5644 -2.166230E+02 -1.323671E+02  3.082750E+02
      5645 -8.746768E+01 -1.618103E+01  1.828290E+02
      5649  8.700946E+01 -1.660978E+02  1.802610E+02
      5650 -2.033362E+02 -1.054629E+02  2.718326E+02
      5652  6.273027E+01  2.744065E+02 -3.851326E+02
      5653  1.101953E+02  3.700256E+02 -5.670520E+02
      5654 -4.408941E+01  8.692233E+01 -1.358790E+02
      5655 -3.484906E+01  2.617563E+02 -6.486224E+02
      5656 -1.665633E+01  3.267277E+01  1.450936E+01
      5657  2.070501E+01  3.783069E+01 -5.040739E+01
      5658 -1.869434E+02 -4.706903E+01  4.762023E+02
      5924  8.381258E+01  6.263392E+02 -9.746068E+02
      5925  6.221993E+01  1.069411E+02 -5.306402E+02
      6030 -7.239796E+01  3.010566E+01 -4.427056E+01
      6031 -9.165126E+01  1.445294E+02 -1.626933E+02
      6032 -1.555653E+02  1.227474E+02  8.023249E+00
      6033  4.759622E+02  5.640912E+01 -7.803427E+02
      6402 -5.569600E+01  6.083208E+01  8.465513E+01
      6688 -5.570690E+02 -1.119068E+03  2.468602E+03
      6869  1.386758E+03 -1.171397E+03  8.385738E+02
      6875 -1.402259E+02  5.335376E+01  3.992353E+02
      6964 -1.564621E+02 -1.320769E+02  6.316355E+02
     10794 -7.011731E-09  7.418562E-08  5.896332E-08
     10795  5.469340E-09  7.837809E-08  4.711790E-08
     10796 -9.725910E-05  9.908338E-06  1.226208E-04
     10797  3.643821E-04 -3.020941E-04  5.608895E-04
     10798 -2.391109E-06 -1.209201E-06 -2.851499E-06
     10799 -7.300448E-03  8.612048E-04  2.811242E-03
     10800 -2.900863E-05 -5.235275E-06 -2.724890E-05
     10801  4.628619E-07  4.082849E-07 -3.058580E-07
     10802 -1.684018E-02 -4.606378E-02 -8.108280E-02
     10803 -6.798558E-05 -1.678356E-04 -5.566519E-05
     10804 -3.493946E-01 -4.081572E-01 -7.775998E-02
     10805 -1.806743E+00 -1.067529E+00  2.310276E-01
     10806 -1.181002E+00  5.199188E-01  9.979678E-01
     10807  3.367774E-07 -6.661273E-07 -8.292151E-08
     10808 -1.011072E+01  1.410036E+00  2.704284E+00
     10809  5.600033E-04 -1.342978E-04  3.682822E-05
     10810  5.914925E-03 -1.159824E-02 -6.650432E-03
     10811  8.463138E-02  1.898632E-02 -7.431686E-03
     10812 -4.400695E-06 -4.070954E-06  3.049958E-07
     10813  5.236575E-04 -8.582543E-04 -6.806641E-04
     10814 -1.058546E-04  8.550599E-05  1.023682E-04
     10815 -1.218406E-06  6.292707E-08  1.499798E-07
     10816 -9.663500E-07  2.032228E-07  1.622386E-07
     10817  2.459374E-04  8.298116E-05  1.170887E-06
     10818  6.248339E-05  3.067719E-05 -2.912931E-05
     10819  9.670224E-04 -3.609502E-04  7.450816E-04
     10820  5.440646E-06 -1.211129E-06 -7.027164E-06
     10821 -4.441774E-03 -1.325642E-03  1.092914E-02
     10822  3.950980E-06 -1.413660E-05  2.920323E-06
     10823  3.668719E-01  1.303906E+00  1.311701E-01
     10824 -6.094225E+01  1.959189E+01  2.987960E+01
     10825  2.071475E-01  3.598064E-01  7.549048E-02
     10826 -2.879048E-02 -3.068649E-02  2.176078E-02
     10827 -5.773886E-07 -6.962336E-08 -6.135624E-07
     10828  4.382840E-06 -3.539554E-05 -1.620701E-05
     10829  8.679226E-08  5.096301E-07  6.014263E-07
     10830  3.539291E-09  1.237984E-07  1.193277E-07
     10831  1.767744E-08  7.778390E-08  1.294049E-08
     10832 -1.150416E-07  4.220250E-07  2.843498E-07
     10833 -1.492832E-06  2.166655E-06  1.595183E-06
     10834  1.600426E-08  6.097488E-09  2.921124E-08
     10835 -8.207229E-04  3.464087E-04  7.183575E-04
     10836 -1.267175E-03  5.766572E-04  9.905369E-04
     10837 -2.599316E-03  1.124507E-03  1.984507E-03
     10838  0.000000E+00  0.000000E+00  0.000000E+00
     10839 -1.052607E-03  4.328019E-04  7.285580E-04
     10840 -3.084184E-06  4.499215E-06  3.863014E-06
     10841 -1.291962E-05  1.049342E-05  1.235561E-05
     10842 -1.875263E-05  1.668090E-05  1.403221E-05
     10843 -9.375535E-06  1.234424E-05  8.167820E-06
     10844 -2.294471E-06  4.135704E-06  3.501977E-06
     10845 -1.164708E-05  1.510256E-05  1.103018E-05
     10846 -2.404887E-05  1.202569E-05  2.301256E-05
     10847 -4.127954E-05  2.379892E-05  3.451400E-05
     10848 -1.859942E-05  1.701886E-05  1.595491E-05
     10849 -7.164757E-05  3.677131E-05  6.309699E-05
     10850 -1.421062E-04  8.186862E-05  1.423129E-04
     10851 -3.975447E-05  2.761426E-05  2.965354E-05
     10852 -1.186570E-04  1.633720E-04  1.048823E-04
     10853 -5.769281E-04  2.852464E-04  5.161345E-04
     10854 -1.996631E-05  4.687003E-05  6.115001E-05
     10855 -2.340000E-04  2.753590E-04  3.623072E-04
     10856 -1.449933E-04  1.176979E-04  1.278152E-04
     10857 -4.587607E-04  3.313803E-04  4.438157E-04
     10858 -1.009230E-05  3.856912E-05  2.326678E-05
     10859 -2.373017E-06  6.263311E-06  4.331676E-06
     10860 -4.126184E-07  1.562002E-08  1.222256E-06
     10861  2.410753E-06 -1.683128E-06 -2.945453E-07
     10862 -3.273651E-06  9.108905E-06  7.106782E-06
     10863 -1.102351E-04  2.114919E-04  1.331907E-04
     10864 -2.465719E-05  7.501087E-05  4.860180E-05
     10865 -3.469635E-05  6.202171E-05  4.113401E-05
     10866 -6.171507E-04  8.347849E-04  5.462709E-04
     10867 -1.737088E-04  3.803253E-04  2.690123E-04
     10868 -1.798395E-04  2.804636E-04  1.962409E-04
     10869 -2.134836E-03  2.576891E-03  1.704654E-03
     10870 -7.398617E-04  1.310722E-03  1.121389E-03
     10871 -9.148447E-04  1.061655E-03  8.536165E-04
     10872 -3.064988E-03  4.924288E-03  5.690348E-04
     10873 -1.489079E-03  2.913629E-03  2.674423E-03
     10874 -3.975838E-03  3.525830E-03  2.674394E-03
     10875  1.590218E-02  2.476539E-03 -2.419125E-02
     10876  4.608413E-03 -1.065805E-03 -5.822259E-03
     10877 -8.080483E-03  3.828331E-03  1.898582E-03
     10878 -5.026432E-03 -2.242090E-02 -5.898082E-02
     10879 -2.015448E-02 -1.977341E-01 -2.392323E-01
     10880 -2.964403E-02 -2.730660E-02 -8.951303E-02
     10881 -1.897398E-02 -3.454552E-02 -2.929398E-02
     10882 -8.082480E-01 -1.773003E+00  9.044222E-01
     10883 -1.164798E+00 -1.195881E+00 -6.817373E-02
     10884 -4.573414E-01 -3.870124E-01  3.203225E-01
     10885 -2.982547E-01 -6.031018E-01  6.664107E-02
     10886 -1.473996E-01 -1.789915E-01 -2.082790E-02
     10887 -3.827060E+00 -5.676984E+00  4.823562E+00
     10888 -5.086098E+00 -4.760801E+00  2.341908E+00
     10889 -5.190079E-01 -1.970674E+00  5.173491E-01
     10890 -1.325072E+00 -7.582065E+00  5.094109E+00
     10891 -1.097233E+01 -1.328434E+01  1.038175E+01
     10892 -7.500244E-01 -9.502911E+00  3.041915E+00
     10893  6.140308E+00 -1.113501E+01 -1.152475E+01
     10894 -9.616429E+00 -2.534545E+01  1.442967E+01
     10895  5.062595E+00 -1.448609E+01  5.716185E+00
     10896  4.987412E+01 -2.810528E+01  9.540674E+00
     10897  1.938460E+01  3.036937E+00 -3.802803E+00
     10898  1.909388E+00 -1.225382E+01  1.012792E+01
     10899  6.260474E+00  4.391302E+01 -3.084756E+01
     10900  1.155397E+01 -5.071853E+01 -3.207082E+00
     10901  9.016153E+00 -6.007092E-01 -3.456891E+00
     10902  1.712871E+01  5.097338E+00 -1.207285E+01
     10903  5.946633E+00 -3.301307E+00  3.243843E+00
     10904  9.244343E+00 -9.996226E-01 -4.618557E+00
     10905  2.568747E+00 -2.764972E+00 -1.623792E+00
     10906  3.031669E-01 -1.109643E+00 -6.583432E-01
     10907  2.278546E+00 -3.380833E+00  6.482888E-01
     10908 -1.288810E-01  1.335886E-01  4.150346E-01
     10909  3.333576E-02 -1.210877E+00  7.416918E-01
     10910  1.762920E+00 -8.588193E-01  2.703764E-01
     10911 -3.538688E-02 -7.178391E-02  1.365734E-01
     10912 -2.933377E-01 -5.097330E-01  9.420838E-01
     10913 -1.799665E-01 -8.752400E-01  2.144360E-01
     10914 -7.490122E-01 -1.333312E+00  6.211090E-01
     10915 -1.793918E-01 -4.087193E-01  2.534151E-01
     10916  2.242909E-02  1.663777E-02 -3.643756E-02
     10917  7.168873E-03  3.645716E-03 -6.960807E-03
     10918 -1.969191E-02 -2.036832E-02  5.432169E-02
     10919  2.126480E-02  1.546221E-02 -3.400398E-02
     10920 -1.593175E-01 -7.915924E-02  1.191990E-01
     10921 -3.072489E-01 -3.304967E-01  2.402723E-01
     10922  0.000000E+00  0.000000E+00  0.000000E+00
     10923  9.484105E-03  4.902077E-03 -1.265555E-02
     10924  8.895025E-03  4.465417E-03 -8.596745E-03
     10925 -6.705387E-02 -1.084523E-02  5.071071E-02
     10926 -7.958992E-02 -1.120042E-02  7.768995E-02
     10927  0.000000E+00  0.000000E+00  0.000000E+00
     10928  0.000000E+00  0.000000E+00  0.000000E+00
     10929  0.000000E+00  0.000000E+00  0.000000E+00
     10930 -2.124001E-02  5.472242E-03  1.546333E-02
     10931  0.000000E+00  0.000000E+00  0.000000E+00
     10932 -7.344973E-03  3.835795E-03  5.961451E-03
     10933 -3.841660E-03  1.472300E-03  2.547352E-03
     10934  2.198582E-07  7.915625E-07  1.061714E-06
     10935 -6.256145E-04  3.758888E-04  4.599732E-04
     10936 -5.590972E-04  4.875892E-04  3.509411E-04
     10937 -6.587072E-04  7.750448E-04  6.565455E-04
     10938 -8.825772E-04  5.975147E-04  5.051105E-04
     10939 -1.130312E-03  8.277748E-04  7.412416E-04
     10940 -1.417453E-03  1.166291E-03  8.293405E-04
     10941 -2.692455E-03  1.939820E-03  1.671654E-03
     10942 -1.998425E-02  4.341730E-03  1.198211E-02
     10943 -1.313596E-02  4.005103E-03  8.227872E-03
     10944 -1.757655E-02  6.952875E-03  8.845821E-03
     10945 -3.680850E-02 -5.415888E-03  1.283278E-02
     10946 -9.413973E-03  3.555780E-03  4.944286E-03
     10947 -5.797200E-03  3.376155E-03  3.864646E-03
     10948 -4.844247E-05  5.032211E-05  4.054848E-05
     10949 -5.230403E-05  6.156493E-05  5.091805E-05
     10950 -1.072315E-04  1.167420E-04  7.718802E-05
     10951 -2.823764E-05  2.466451E-05  1.849422E-05
     10952 -1.695140E-05  1.793175E-05  1.757029E-05
     10953 -1.795512E-05  2.403411E-05  1.481659E-05
     10954 -2.966169E-05  4.609538E-05  2.743167E-05
     10955 -3.797006E-02 -1.568674E-02  4.584069E-03
     10956 -5.445450E-02 -1.341108E-02  2.707007E-02
     10957 -1.102519E-01 -1.006958E-01  1.988185E-02
     10958 -2.702902E-04  2.996448E-04  2.308678E-04
     10959 -1.495647E-04  1.936784E-04  1.406143E-04
     10960 -8.963420E-03  5.803905E-03  4.762594E-03
     10961 -2.469650E-03  2.640202E-03  2.480035E-03
     11110 -1.245908E+02 -1.153955E+01  4.922156E+01
     11249  4.900659E+01  1.163124E+02 -6.560098E+01
     14467  4.401312E-02 -3.336273E+00  4.039296E-01
     14547 -2.379457E-01 -1.187580E-01  1.820991E-01
     14550 -1.135550E+00 -1.391308E+00  5.250154E-01
     14557 -2.664128E-01 -9.889698E-02  1.329128E-01
     14585 -5.420451E-01 -7.302612E-01  5.780662E-01
     14586 -5.791759E-01 -4.229930E-01  2.578046E-01
     14623 -7.327824E-02  2.797329E-03  5.629784E-02
     14624 -1.134645E-01 -9.748631E-03  1.038242E-01
     14632 -9.069953E-03  3.761408E-03  5.187836E-03
     14640 -2.846122E-01 -2.329818E-01  1.886829E-01
     14643 -2.736107E-02  6.368300E-03  1.660590E-02
     14644 -2.542001E-08 -6.042978E-08  1.160660E-07
     14648 -1.268712E-03  7.360306E-04  2.892758E-04
     14650 -4.258357E-02 -2.321771E-03  3.097577E-02
     14651 -1.706289E-03  7.509513E-04  3.037758E-04
     14660 -1.317529E-02  2.022958E-03  9.204554E-03
     14662 -5.364586E-07  2.183225E-06  2.336665E-07
     14680 -4.135279E-08  1.050467E-08  6.600177E-08
     14699 -1.433473E-05  4.719520E-05  3.887452E-06
     14700 -2.010442E-06  1.437000E-05  4.001975E-06
     14701  8.922796E-07  1.251001E-07 -5.621666E-08
     14712 -1.917798E-06  6.405161E-06  2.319196E-06
     14713  5.181937E-08  4.339154E-07  6.816142E-08
     14714  6.349915E-08  6.468724E-08  6.857292E-08
     14718 -1.774860E-07  1.054848E-06 -1.640819E-07
     14721 -1.071021E-07  2.790762E-06 -4.702667E-08
     14748 -5.310021E-03  1.845656E-03  3.358242E-03

 total force (fx,fy,fz) for set NBOT and time  0.2000000E+02

        1.206375E+02  2.523319E+01  1.156751E+03
